statenum,Year,Aou,SpeciesTotal
77,1966,2890,7
77,1966,3091,1
77,1966,3131,2
77,1966,3430,1
77,1966,3600,1
77,1966,3930,1
77,1966,4120,9
77,1966,4230,3
77,1966,4440,2
77,1966,4520,4
77,1966,4560,4
77,1966,4610,7
77,1966,4670,5
77,1966,4770,23
77,1966,4880,10
77,1966,4930,22
77,1966,4950,6
77,1966,4980,7
77,1966,5070,9
77,1966,5110,26
77,1966,5170,1
77,1966,5290,3
77,1966,5600,14
77,1966,5630,3
77,1966,5810,8
77,1966,5840,2
77,1966,5870,47
77,1966,5950,1
77,1966,5980,2
77,1966,6080,13
77,1966,6110,6
77,1966,6130,14
77,1966,6240,42
77,1966,6280,3
77,1966,6360,7
77,1966,6410,1
77,1966,6590,6
77,1966,6620,1
77,1966,6670,3
77,1966,6710,3
77,1966,6730,9
77,1966,6740,15
77,1966,6810,9
77,1966,6860,2
77,1966,6870,6
77,1966,6882,20
77,1966,7040,31
77,1966,7050,4
77,1966,7210,16
77,1966,7270,2
77,1966,7280,1
77,1966,7350,7
77,1966,7550,17
77,1966,7560,9
77,1966,7610,39
77,1966,7660,2
77,1967,2890,4
77,1967,3160,1
77,1967,3930,1
77,1967,4120,3
77,1967,4200,1
77,1967,4230,5
77,1967,4440,2
77,1967,4520,4
77,1967,4560,7
77,1967,4610,6
77,1967,4670,6
77,1967,4770,18
77,1967,4880,18
77,1967,4930,22
77,1967,4950,9
77,1967,4980,7
77,1967,5010,1
77,1967,5070,7
77,1967,5110,6
77,1967,5170,2
77,1967,5290,6
77,1967,5600,7
77,1967,5630,2
77,1967,5810,9
77,1967,5870,32
77,1967,5930,1
77,1967,5980,1
77,1967,6080,8
77,1967,6110,2
77,1967,6130,3
77,1967,6240,27
77,1967,6360,2
77,1967,6410,1
77,1967,6450,1
77,1967,6520,1
77,1967,6590,4
77,1967,6710,2
77,1967,6730,3
77,1967,6740,10
77,1967,6760,1
77,1967,6810,11
77,1967,6860,3
77,1967,6870,2
77,1967,6882,17
77,1967,7040,15
77,1967,7050,8
77,1967,7210,9
77,1967,7280,1
77,1967,7350,7
77,1967,7550,17
77,1967,7560,8
77,1967,7590,1
77,1967,7610,36
77,1968,2890,4
77,1968,3091,1
77,1968,3160,2
77,1968,3870,1
77,1968,3880,2
77,1968,3940,2
77,1968,4120,4
77,1968,4440,1
77,1968,4520,3
77,1968,4560,7
77,1968,4610,3
77,1968,4670,2
77,1968,4770,17
77,1968,4880,5
77,1968,4930,25
77,1968,4950,4
77,1968,4980,5
77,1968,5070,3
77,1968,5110,5
77,1968,5170,2
77,1968,5290,1
77,1968,5600,7
77,1968,5630,2
77,1968,5810,12
77,1968,5870,38
77,1968,5930,1
77,1968,6080,8
77,1968,6110,2
77,1968,6130,3
77,1968,6240,25
77,1968,6280,1
77,1968,6290,1
77,1968,6360,1
77,1968,6590,3
77,1968,6670,1
77,1968,6710,2
77,1968,6730,5
77,1968,6740,6
77,1968,6810,9
77,1968,6882,4
77,1968,7040,20
77,1968,7050,2
77,1968,7210,8
77,1968,7270,1
77,1968,7310,1
77,1968,7350,11
77,1968,7550,17
77,1968,7560,4
77,1968,7590,1
77,1968,7610,18
77,1969,510,3
77,1969,1330,1
77,1969,2010,1
77,1969,2890,4
77,1969,3160,2
77,1969,3370,1
77,1969,3390,1
77,1969,3430,4
77,1969,3600,1
77,1969,3940,1
77,1969,4120,11
77,1969,4230,10
77,1969,4440,2
77,1969,4520,8
77,1969,4560,5
77,1969,4610,4
77,1969,4670,2
77,1969,4770,25
77,1969,4880,10
77,1969,4930,22
77,1969,4950,2
77,1969,4980,14
77,1969,5010,5
77,1969,5060,1
77,1969,5070,12
77,1969,5110,11
77,1969,5170,2
77,1969,5290,5
77,1969,5600,6
77,1969,5630,3
77,1969,5810,7
77,1969,5840,1
77,1969,5870,40
77,1969,5930,2
77,1969,5980,1
77,1969,6080,5
77,1969,6110,2
77,1969,6130,13
77,1969,6240,30
77,1969,6360,2
77,1969,6590,2
77,1969,6670,1
77,1969,6710,2
77,1969,6730,7
77,1969,6740,10
77,1969,6810,9
77,1969,6860,3
77,1969,6870,1
77,1969,6882,12
77,1969,7040,20
77,1969,7050,6
77,1969,7210,9
77,1969,7270,4
77,1969,7310,1
77,1969,7350,19
77,1969,7550,13
77,1969,7560,17
77,1969,7610,24
77,1970,2890,6
77,1970,3160,5
77,1970,3880,2
77,1970,3930,1
77,1970,3940,1
77,1970,4120,6
77,1970,4230,8
77,1970,4440,1
77,1970,4520,3
77,1970,4560,5
77,1970,4610,4
77,1970,4770,15
77,1970,4880,4
77,1970,4930,9
77,1970,4980,8
77,1970,5010,1
77,1970,5070,17
77,1970,5110,9
77,1970,5290,1
77,1970,5600,9
77,1970,5630,1
77,1970,5810,5
77,1970,5840,1
77,1970,5870,40
77,1970,5930,3
77,1970,5950,1
77,1970,5980,1
77,1970,6080,14
77,1970,6110,2
77,1970,6130,14
77,1970,6240,29
77,1970,6280,1
77,1970,6360,1
77,1970,6410,1
77,1970,6590,6
77,1970,6670,2
77,1970,6710,1
77,1970,6730,4
77,1970,6740,13
77,1970,6810,13
77,1970,6860,1
77,1970,6870,2
77,1970,6882,9
77,1970,7030,1
77,1970,7040,22
77,1970,7050,1
77,1970,7210,10
77,1970,7270,2
77,1970,7350,11
77,1970,7550,19
77,1970,7560,8
77,1970,7610,28
77,1970,7660,1
77,1971,2890,8
77,1971,3430,1
77,1971,3870,1
77,1971,3880,5
77,1971,3940,2
77,1971,4120,6
77,1971,4230,2
77,1971,4440,2
77,1971,4520,6
77,1971,4560,7
77,1971,4610,6
77,1971,4770,23
77,1971,4880,19
77,1971,4930,20
77,1971,4950,3
77,1971,4980,5
77,1971,5070,20
77,1971,5110,4
77,1971,5290,2
77,1971,5600,9
77,1971,5630,5
77,1971,5810,21
77,1971,5840,1
77,1971,5870,44
77,1971,5930,7
77,1971,5950,1
77,1971,6080,13
77,1971,6110,2
77,1971,6130,6
77,1971,6170,2
77,1971,6240,28
77,1971,6280,1
77,1971,6360,3
77,1971,6520,1
77,1971,6590,6
77,1971,6670,3
77,1971,6730,8
77,1971,6740,8
77,1971,6810,13
77,1971,6860,3
77,1971,6882,9
77,1971,7030,4
77,1971,7040,21
77,1971,7050,2
77,1971,7210,18
77,1971,7270,2
77,1971,7280,1
77,1971,7310,1
77,1971,7350,14
77,1971,7550,13
77,1971,7560,9
77,1971,7610,26
77,1972,2890,1
77,1972,3160,2
77,1972,3880,4
77,1972,4120,5
77,1972,4230,1
77,1972,4520,5
77,1972,4560,5
77,1972,4610,8
77,1972,4670,1
77,1972,4770,23
77,1972,4880,5
77,1972,4930,44
77,1972,4950,1
77,1972,4980,8
77,1972,5070,15
77,1972,5110,19
77,1972,5170,5
77,1972,5190,1
77,1972,5600,13
77,1972,5630,5
77,1972,5810,19
77,1972,5840,2
77,1972,5870,26
77,1972,5930,5
77,1972,5950,1
77,1972,6080,10
77,1972,6110,2
77,1972,6130,15
77,1972,6140,2
77,1972,6240,35
77,1972,6310,1
77,1972,6360,1
77,1972,6410,1
77,1972,6590,6
77,1972,6710,1
77,1972,6730,5
77,1972,6740,9
77,1972,6750,2
77,1972,6810,7
77,1972,6860,1
77,1972,6882,13
77,1972,7030,3
77,1972,7040,20
77,1972,7210,12
77,1972,7310,2
77,1972,7350,2
77,1972,7550,20
77,1972,7560,8
77,1972,7610,38
77,1973,510,4
77,1973,2890,5
77,1973,3091,2
77,1973,3131,1
77,1973,3160,7
77,1973,3390,1
77,1973,3870,4
77,1973,3880,7
77,1973,3930,1
77,1973,4120,3
77,1973,4440,1
77,1973,4520,4
77,1973,4560,7
77,1973,4610,6
77,1973,4670,1
77,1973,4770,19
77,1973,4880,13
77,1973,4930,14
77,1973,4950,3
77,1973,4980,11
77,1973,5010,1
77,1973,5070,13
77,1973,5110,4
77,1973,5170,1
77,1973,5190,1
77,1973,5290,3
77,1973,5600,7
77,1973,5630,5
77,1973,5810,11
77,1973,5870,27
77,1973,5930,7
77,1973,5950,2
77,1973,5980,1
77,1973,6080,5
77,1973,6130,16
77,1973,6190,1
77,1973,6240,28
77,1973,6360,1
77,1973,6520,1
77,1973,6590,5
77,1973,6670,1
77,1973,6730,3
77,1973,6740,20
77,1973,6810,12
77,1973,6860,1
77,1973,6870,1
77,1973,6882,8
77,1973,7030,3
77,1973,7040,26
77,1973,7050,2
77,1973,7210,15
77,1973,7270,1
77,1973,7310,3
77,1973,7350,13
77,1973,7550,11
77,1973,7560,8
77,1973,7610,36
77,1973,7660,2
77,1974,510,3
77,1974,2890,8
77,1974,3160,7
77,1974,3600,1
77,1974,3880,1
77,1974,3940,4
77,1974,4120,1
77,1974,4230,4
77,1974,4440,3
77,1974,4520,2
77,1974,4560,8
77,1974,4610,4
77,1974,4670,1
77,1974,4770,20
77,1974,4880,3
77,1974,4930,32
77,1974,4950,1
77,1974,4980,5
77,1974,5010,3
77,1974,5070,5
77,1974,5110,12
77,1974,5600,4
77,1974,5630,3
77,1974,5810,17
77,1974,5840,1
77,1974,5870,34
77,1974,5930,5
77,1974,5950,1
77,1974,6080,10
77,1974,6130,17
77,1974,6170,2
77,1974,6190,2
77,1974,6240,23
77,1974,6360,6
77,1974,6450,1
77,1974,6590,1
77,1974,6730,4
77,1974,6740,15
77,1974,6810,11
77,1974,6860,1
77,1974,6870,2
77,1974,6882,15
77,1974,7030,2
77,1974,7040,23
77,1974,7050,1
77,1974,7210,13
77,1974,7270,2
77,1974,7310,9
77,1974,7350,3
77,1974,7550,8
77,1974,7560,10
77,1974,7610,35
77,1974,7660,1
77,1975,510,1
77,1975,2730,1
77,1975,2890,3
77,1975,3160,6
77,1975,4120,3
77,1975,4440,2
77,1975,4520,3
77,1975,4560,8
77,1975,4610,2
77,1975,4670,1
77,1975,4770,13
77,1975,4880,6
77,1975,4930,16
77,1975,4980,6
77,1975,5070,18
77,1975,5110,15
77,1975,5170,1
77,1975,5290,1
77,1975,5600,6
77,1975,5630,3
77,1975,5810,13
77,1975,5870,22
77,1975,5930,8
77,1975,5980,1
77,1975,6080,7
77,1975,6130,12
77,1975,6240,22
77,1975,6280,1
77,1975,6360,3
77,1975,6410,1
77,1975,6590,3
77,1975,6710,1
77,1975,6730,4
77,1975,6740,7
77,1975,6750,2
77,1975,6810,10
77,1975,6870,2
77,1975,6882,12
77,1975,7030,4
77,1975,7040,19
77,1975,7050,3
77,1975,7210,16
77,1975,7270,2
77,1975,7310,8
77,1975,7350,10
77,1975,7550,25
77,1975,7560,4
77,1975,7590,1
77,1975,7610,17
77,1975,7660,1
77,1976,2010,1
77,1976,2890,3
77,1976,3131,1
77,1976,3160,3
77,1976,3430,1
77,1976,4120,3
77,1976,4520,2
77,1976,4560,4
77,1976,4610,3
77,1976,4770,10
77,1976,4880,15
77,1976,4930,32
77,1976,4950,3
77,1976,4980,12
77,1976,5010,1
77,1976,5070,8
77,1976,5110,24
77,1976,5170,1
77,1976,5190,7
77,1976,5600,8
77,1976,5630,3
77,1976,5810,10
77,1976,5840,1
77,1976,5870,27
77,1976,5930,10
77,1976,5950,2
77,1976,5980,1
77,1976,6080,11
77,1976,6110,1
77,1976,6130,9
77,1976,6240,18
77,1976,6360,2
77,1976,6590,4
77,1976,6670,1
77,1976,6710,2
77,1976,6730,2
77,1976,6740,15
77,1976,6750,2
77,1976,6810,11
77,1976,6860,1
77,1976,6882,15
77,1976,7030,7
77,1976,7040,33
77,1976,7050,2
77,1976,7180,1
77,1976,7210,12
77,1976,7270,1
77,1976,7310,6
77,1976,7350,10
77,1976,7550,20
77,1976,7560,8
77,1976,7590,1
77,1976,7610,32
77,1977,1330,1
77,1977,2890,1
77,1977,3160,5
77,1977,3600,2
77,1977,3940,4
77,1977,4120,5
77,1977,4230,1
77,1977,4440,1
77,1977,4520,4
77,1977,4560,7
77,1977,4610,5
77,1977,4770,9
77,1977,4880,10
77,1977,4930,39
77,1977,4950,2
77,1977,4980,2
77,1977,5070,6
77,1977,5110,6
77,1977,5170,1
77,1977,5190,1
77,1977,5600,9
77,1977,5810,10
77,1977,5840,1
77,1977,5870,20
77,1977,5930,9
77,1977,5950,1
77,1977,5980,1
77,1977,6080,7
77,1977,6110,1
77,1977,6130,8
77,1977,6240,21
77,1977,6360,3
77,1977,6410,1
77,1977,6520,1
77,1977,6590,4
77,1977,6670,1
77,1977,6710,2
77,1977,6730,4
77,1977,6740,3
77,1977,6810,10
77,1977,6860,1
77,1977,6870,1
77,1977,6882,17
77,1977,7030,8
77,1977,7040,17
77,1977,7210,11
77,1977,7270,1
77,1977,7280,1
77,1977,7310,10
77,1977,7350,11
77,1977,7550,10
77,1977,7560,7
77,1977,7610,32
77,1978,1330,3
77,1978,1720,2
77,1978,2730,2
77,1978,2890,1
77,1978,3131,5
77,1978,3160,11
77,1978,4120,3
77,1978,4520,6
77,1978,4560,6
77,1978,4610,5
77,1978,4770,13
77,1978,4880,14
77,1978,4930,29
77,1978,4950,1
77,1978,4980,2
77,1978,5070,10
77,1978,5110,6
77,1978,5170,1
77,1978,5190,1
77,1978,5600,11
77,1978,5630,3
77,1978,5810,9
77,1978,5870,26
77,1978,5930,11
77,1978,5950,2
77,1978,6080,11
77,1978,6110,2
77,1978,6130,10
77,1978,6240,26
77,1978,6280,1
77,1978,6290,2
77,1978,6360,7
77,1978,6410,1
77,1978,6520,1
77,1978,6590,4
77,1978,6710,3
77,1978,6740,11
77,1978,6750,1
77,1978,6810,11
77,1978,6870,3
77,1978,6882,16
77,1978,7030,11
77,1978,7040,17
77,1978,7210,11
77,1978,7270,2
77,1978,7280,2
77,1978,7310,12
77,1978,7350,2
77,1978,7550,13
77,1978,7560,3
77,1978,7610,35
77,1979,2010,1
77,1979,3160,5
77,1979,3880,1
77,1979,3940,1
77,1979,4120,2
77,1979,4230,2
77,1979,4440,2
77,1979,4520,5
77,1979,4560,8
77,1979,4610,5
77,1979,4770,9
77,1979,4880,8
77,1979,4930,9
77,1979,4950,2
77,1979,4980,1
77,1979,5070,8
77,1979,5110,8
77,1979,5170,1
77,1979,5190,3
77,1979,5290,2
77,1979,5600,9
77,1979,5810,11
77,1979,5870,19
77,1979,5930,8
77,1979,5950,1
77,1979,6080,13
77,1979,6130,22
77,1979,6240,27
77,1979,6290,1
77,1979,6360,6
77,1979,6410,2
77,1979,6520,1
77,1979,6590,4
77,1979,6670,1
77,1979,6730,1
77,1979,6740,12
77,1979,6810,9
77,1979,6870,1
77,1979,6882,8
77,1979,7030,6
77,1979,7040,22
77,1979,7050,1
77,1979,7210,13
77,1979,7270,3
77,1979,7310,14
77,1979,7350,4
77,1979,7550,7
77,1979,7560,7
77,1979,7610,27
77,1980,3160,4
77,1980,3870,1
77,1980,3880,1
77,1980,3940,1
77,1980,4120,2
77,1980,4230,1
77,1980,4440,1
77,1980,4520,4
77,1980,4560,1
77,1980,4610,3
77,1980,4670,1
77,1980,4770,9
77,1980,4880,3
77,1980,4930,30
77,1980,4950,7
77,1980,4980,5
77,1980,5070,8
77,1980,5110,2
77,1980,5190,7
77,1980,5600,8
77,1980,5630,3
77,1980,5810,10
77,1980,5870,18
77,1980,5930,8
77,1980,5950,2
77,1980,6080,12
77,1980,6110,1
77,1980,6130,5
77,1980,6190,2
77,1980,6240,33
77,1980,6290,1
77,1980,6360,3
77,1980,6590,2
77,1980,6670,1
77,1980,6710,3
77,1980,6730,3
77,1980,6740,16
77,1980,6810,7
77,1980,6870,4
77,1980,6882,11
77,1980,7030,7
77,1980,7040,23
77,1980,7210,13
77,1980,7260,1
77,1980,7270,3
77,1980,7310,10
77,1980,7350,8
77,1980,7550,9
77,1980,7560,4
77,1980,7610,27
77,1981,2890,1
77,1981,3160,1
77,1981,3880,1
77,1981,3930,1
77,1981,3940,1
77,1981,4120,2
77,1981,4440,2
77,1981,4520,3
77,1981,4560,2
77,1981,4770,13
77,1981,4880,6
77,1981,4930,36
77,1981,4950,1
77,1981,4980,5
77,1981,5070,9
77,1981,5110,4
77,1981,5170,1
77,1981,5600,6
77,1981,5630,1
77,1981,5810,14
77,1981,5870,17
77,1981,5930,8
77,1981,5950,2
77,1981,5980,2
77,1981,6080,9
77,1981,6130,12
77,1981,6240,33
77,1981,6280,1
77,1981,6360,1
77,1981,6520,1
77,1981,6590,2
77,1981,6710,2
77,1981,6730,2
77,1981,6740,15
77,1981,6810,16
77,1981,6840,1
77,1981,6870,1
77,1981,6882,36
77,1981,7030,10
77,1981,7040,19
77,1981,7050,1
77,1981,7210,9
77,1981,7270,5
77,1981,7310,12
77,1981,7350,15
77,1981,7550,17
77,1981,7560,5
77,1981,7610,24
77,1982,1320,2
77,1982,3160,8
77,1982,3600,1
77,1982,3870,1
77,1982,4120,4
77,1982,4440,1
77,1982,4520,2
77,1982,4560,5
77,1982,4610,7
77,1982,4770,32
77,1982,4880,5
77,1982,4930,19
77,1982,4950,5
77,1982,4980,5
77,1982,5010,1
77,1982,5070,6
77,1982,5110,21
77,1982,5190,4
77,1982,5290,1
77,1982,5600,14
77,1982,5630,1
77,1982,5810,7
77,1982,5870,16
77,1982,5930,3
77,1982,5980,2
77,1982,6080,13
77,1982,6110,1
77,1982,6130,11
77,1982,6140,1
77,1982,6190,2
77,1982,6240,27
77,1982,6290,1
77,1982,6360,3
77,1982,6520,1
77,1982,6710,1
77,1982,6730,1
77,1982,6740,21
77,1982,6810,16
77,1982,6870,1
77,1982,6882,24
77,1982,7030,3
77,1982,7040,25
77,1982,7050,2
77,1982,7210,13
77,1982,7270,7
77,1982,7310,13
77,1982,7350,13
77,1982,7550,11
77,1982,7560,8
77,1982,7590,2
77,1982,7610,48
77,1983,2890,2
77,1983,3160,7
77,1983,3940,1
77,1983,4120,3
77,1983,4440,3
77,1983,4520,1
77,1983,4560,3
77,1983,4610,3
77,1983,4770,22
77,1983,4880,10
77,1983,4930,37
77,1983,4980,4
77,1983,5070,9
77,1983,5110,15
77,1983,5190,11
77,1983,5290,2
77,1983,5600,2
77,1983,5810,9
77,1983,5870,17
77,1983,5930,5
77,1983,5950,1
77,1983,5980,1
77,1983,6080,6
77,1983,6130,2
77,1983,6190,14
77,1983,6240,21
77,1983,6360,1
77,1983,6410,2
77,1983,6520,4
77,1983,6590,4
77,1983,6710,2
77,1983,6730,1
77,1983,6740,14
77,1983,6810,13
77,1983,6870,2
77,1983,6882,14
77,1983,7030,12
77,1983,7040,19
77,1983,7050,1
77,1983,7210,12
77,1983,7270,3
77,1983,7310,10
77,1983,7350,6
77,1983,7550,12
77,1983,7560,7
77,1983,7610,41
77,1984,3160,6
77,1984,3940,6
77,1984,4120,7
77,1984,4230,1
77,1984,4440,1
77,1984,4520,3
77,1984,4560,9
77,1984,4610,4
77,1984,4770,13
77,1984,4880,12
77,1984,4930,40
77,1984,4980,8
77,1984,5070,13
77,1984,5110,16
77,1984,5170,1
77,1984,5190,6
77,1984,5290,3
77,1984,5600,11
77,1984,5810,9
77,1984,5870,21
77,1984,5930,6
77,1984,5950,2
77,1984,6080,1
77,1984,6110,5
77,1984,6130,16
77,1984,6240,19
77,1984,6290,1
77,1984,6410,2
77,1984,6520,3
77,1984,6590,1
77,1984,6670,1
77,1984,6710,1
77,1984,6730,7
77,1984,6740,20
77,1984,6810,15
77,1984,6870,1
77,1984,6882,19
77,1984,7030,7
77,1984,7040,24
77,1984,7210,12
77,1984,7270,2
77,1984,7310,10
77,1984,7350,11
77,1984,7550,10
77,1984,7560,3
77,1984,7610,49
77,1986,510,1
77,1986,3160,9
77,1986,3430,1
77,1986,3870,7
77,1986,3880,3
77,1986,3930,1
77,1986,3940,2
77,1986,4120,4
77,1986,4230,6
77,1986,4440,3
77,1986,4520,4
77,1986,4560,9
77,1986,4610,4
77,1986,4770,21
77,1986,4880,25
77,1986,4930,20
77,1986,4950,3
77,1986,4980,7
77,1986,5070,9
77,1986,5110,15
77,1986,5190,3
77,1986,5290,2
77,1986,5600,18
77,1986,5810,12
77,1986,5840,1
77,1986,5870,36
77,1986,5930,13
77,1986,6080,3
77,1986,6110,10
77,1986,6130,17
77,1986,6240,13
77,1986,6360,5
77,1986,6410,5
77,1986,6520,1
77,1986,6670,1
77,1986,6710,2
77,1986,6730,7
77,1986,6740,34
77,1986,6750,1
77,1986,6810,21
77,1986,6870,7
77,1986,6882,11
77,1986,7030,3
77,1986,7040,26
77,1986,7050,1
77,1986,7180,1
77,1986,7210,9
77,1986,7270,2
77,1986,7310,10
77,1986,7350,8
77,1986,7510,1
77,1986,7550,4
77,1986,7560,17
77,1986,7590,6
77,1986,7610,53
77,1989,3160,13
77,1989,3430,1
77,1989,3870,1
77,1989,4120,3
77,1989,4230,2
77,1989,4440,1
77,1989,4520,10
77,1989,4560,7
77,1989,4610,6
77,1989,4770,14
77,1989,4880,15
77,1989,4930,41
77,1989,4950,4
77,1989,4980,5
77,1989,5070,5
77,1989,5110,20
77,1989,5190,21
77,1989,5600,16
77,1989,5810,6
77,1989,5870,23
77,1989,5930,21
77,1989,6080,2
77,1989,6130,7
77,1989,6140,6
77,1989,6190,4
77,1989,6240,15
77,1989,6280,1
77,1989,6360,6
77,1989,6410,2
77,1989,6450,1
77,1989,6520,7
77,1989,6590,4
77,1989,6670,3
77,1989,6730,8
77,1989,6740,13
77,1989,6810,24
77,1989,6870,2
77,1989,6882,4
77,1989,7030,10
77,1989,7040,32
77,1989,7050,2
77,1989,7210,5
77,1989,7260,6
77,1989,7270,3
77,1989,7310,3
77,1989,7350,26
77,1989,7550,23
77,1989,7560,9
77,1989,7590,2
77,1989,7610,79
77,1990,2010,1
77,1990,3000,1
77,1990,3160,12
77,1990,3430,1
77,1990,3940,1
77,1990,4120,2
77,1990,4230,1
77,1990,4440,6
77,1990,4520,5
77,1990,4560,3
77,1990,4610,5
77,1990,4770,13
77,1990,4880,14
77,1990,4930,9
77,1990,4950,3
77,1990,5070,1
77,1990,5110,10
77,1990,5190,12
77,1990,5290,1
77,1990,5600,26
77,1990,5810,8
77,1990,5870,15
77,1990,5930,8
77,1990,6080,1
77,1990,6110,4
77,1990,6130,14
77,1990,6140,3
77,1990,6240,6
77,1990,6280,2
77,1990,6410,1
77,1990,6520,6
77,1990,6590,2
77,1990,6670,1
77,1990,6730,2
77,1990,6740,6
77,1990,6810,13
77,1990,6882,11
77,1990,7030,4
77,1990,7040,22
77,1990,7050,1
77,1990,7180,2
77,1990,7210,5
77,1990,7270,3
77,1990,7310,10
77,1990,7350,10
77,1990,7550,14
77,1990,7560,9
77,1990,7590,1
77,1990,7610,58
77,1991,1720,1
77,1991,2020,2
77,1991,3160,16
77,1991,3250,3
77,1991,3370,1
77,1991,4120,7
77,1991,4230,3
77,1991,4280,1
77,1991,4440,1
77,1991,4520,2
77,1991,4560,6
77,1991,4610,6
77,1991,4770,4
77,1991,4880,13
77,1991,4930,22
77,1991,4950,1
77,1991,4980,5
77,1991,5070,2
77,1991,5110,26
77,1991,5190,9
77,1991,5290,2
77,1991,5600,19
77,1991,5810,8
77,1991,5870,14
77,1991,5930,16
77,1991,6080,2
77,1991,6110,2
77,1991,6130,10
77,1991,6140,1
77,1991,6190,5
77,1991,6240,10
77,1991,6280,1
77,1991,6520,7
77,1991,6590,1
77,1991,6670,4
77,1991,6710,3
77,1991,6730,3
77,1991,6740,18
77,1991,6810,10
77,1991,6870,2
77,1991,6882,5
77,1991,7030,3
77,1991,7040,27
77,1991,7260,1
77,1991,7270,1
77,1991,7310,1
77,1991,7350,13
77,1991,7550,8
77,1991,7560,12
77,1991,7590,1
77,1991,7610,51
77,1992,3160,5
77,1992,3250,1
77,1992,3370,2
77,1992,3940,1
77,1992,4120,1
77,1992,4440,1
77,1992,4520,3
77,1992,4560,8
77,1992,4610,5
77,1992,4770,17
77,1992,4880,5
77,1992,4930,2
77,1992,4950,5
77,1992,4980,3
77,1992,5110,16
77,1992,5170,2
77,1992,5190,3
77,1992,5290,4
77,1992,5600,16
77,1992,5630,1
77,1992,5810,10
77,1992,5870,14
77,1992,5930,12
77,1992,6080,5
77,1992,6130,10
77,1992,6240,9
77,1992,6360,2
77,1992,6410,3
77,1992,6520,7
77,1992,6710,2
77,1992,6730,4
77,1992,6740,11
77,1992,6810,13
77,1992,6870,2
77,1992,7030,1
77,1992,7040,28
77,1992,7210,5
77,1992,7270,1
77,1992,7310,5
77,1992,7350,2
77,1992,7550,6
77,1992,7560,8
77,1992,7610,30
77,1993,3160,11
77,1993,3370,1
77,1993,4120,4
77,1993,4230,1
77,1993,4440,1
77,1993,4520,2
77,1993,4560,8
77,1993,4610,5
77,1993,4740,6
77,1993,4770,7
77,1993,4880,16
77,1993,4930,6
77,1993,4950,3
77,1993,4980,1
77,1993,5070,2
77,1993,5110,13
77,1993,5190,16
77,1993,5600,14
77,1993,5810,2
77,1993,5870,21
77,1993,5930,14
77,1993,5980,1
77,1993,6080,3
77,1993,6130,4
77,1993,6190,2
77,1993,6240,14
77,1993,6280,2
77,1993,6520,6
77,1993,6590,1
77,1993,6710,3
77,1993,6730,2
77,1993,6740,19
77,1993,6810,9
77,1993,6870,6
77,1993,6882,1
77,1993,7030,6
77,1993,7040,38
77,1993,7050,2
77,1993,7210,11
77,1993,7270,3
77,1993,7310,11
77,1993,7350,21
77,1993,7510,3
77,1993,7550,9
77,1993,7560,9
77,1993,7610,27
77,1993,7660,1
77,1966,510,71
77,1966,700,17
77,1966,2020,10
77,1966,2730,1
77,1966,3091,20
77,1966,3131,66
77,1966,3160,8
77,1966,3600,5
77,1966,4120,6
77,1966,4230,14
77,1966,4770,11
77,1966,4880,13
77,1966,4930,68
77,1966,4940,2
77,1966,4950,2
77,1966,4980,75
77,1966,5010,1
77,1966,5070,5
77,1966,5110,57
77,1966,5170,2
77,1966,5290,9
77,1966,5420,1
77,1966,5600,5
77,1966,5810,27
77,1966,5870,3
77,1966,5930,1
77,1966,5980,2
77,1966,6130,7
77,1966,6520,4
77,1966,6730,1
77,1966,6810,7
77,1966,6882,24
77,1966,7040,11
77,1966,7210,4
77,1966,7280,1
77,1966,7350,2
77,1966,7550,2
77,1966,7610,38
77,1967,470,9
77,1967,510,229
77,1967,700,21
77,1967,1320,2
77,1967,1330,6
77,1967,1350,2
77,1967,1960,1
77,1967,1970,1
77,1967,2020,1
77,1967,2610,1
77,1967,2730,2
77,1967,3091,5
77,1967,3131,16
77,1967,3160,4
77,1967,3600,1
77,1967,3940,1
77,1967,4120,5
77,1967,4230,1
77,1967,4440,3
77,1967,4770,7
77,1967,4880,8
77,1967,4930,208
77,1967,4940,2
77,1967,4950,2
77,1967,4980,151
77,1967,5110,76
77,1967,5170,1
77,1967,5290,32
77,1967,5420,1
77,1967,5600,3
77,1967,5810,11
77,1967,5870,5
77,1967,5950,1
77,1967,6130,1
77,1967,6190,2
77,1967,6520,7
77,1967,6810,7
77,1967,6882,20
77,1967,7040,13
77,1967,7050,1
77,1967,7210,1
77,1967,7350,2
77,1967,7550,1
77,1967,7610,44
77,1969,470,32
77,1969,510,1242
77,1969,700,30
77,1969,1330,4
77,1969,1400,2
77,1969,2010,2
77,1969,2730,4
77,1969,3091,2
77,1969,3131,3
77,1969,3600,4
77,1969,4120,8
77,1969,4280,1
77,1969,4440,3
77,1969,4610,1
77,1969,4770,4
77,1969,4880,7
77,1969,4930,115
77,1969,4950,1
77,1969,4980,118
77,1969,5010,2
77,1969,5070,4
77,1969,5110,57
77,1969,5170,1
77,1969,5810,3
77,1969,5930,4
77,1969,6080,1
77,1969,6130,9
77,1969,6140,14
77,1969,6240,1
77,1969,6520,4
77,1969,6810,9
77,1969,6882,18
77,1969,7040,9
77,1969,7210,2
77,1969,7350,8
77,1969,7610,52
77,1970,510,9
77,1970,700,1
77,1970,1320,6
77,1970,1330,3
77,1970,2010,1
77,1970,2020,1
77,1970,2730,2
77,1970,3131,16
77,1970,3160,20
77,1970,3600,2
77,1970,3940,2
77,1970,4120,8
77,1970,4230,6
77,1970,4770,22
77,1970,4880,22
77,1970,4930,172
77,1970,4950,28
77,1970,4980,56
77,1970,5070,4
77,1970,5110,101
77,1970,5170,9
77,1970,5290,1
77,1970,5810,17
77,1970,5870,10
77,1970,5930,5
77,1970,6130,8
77,1970,6140,4
77,1970,6240,1
77,1970,6520,2
77,1970,6810,7
77,1970,6882,23
77,1970,7040,12
77,1970,7050,1
77,1970,7250,1
77,1970,7350,3
77,1970,7550,8
77,1970,7610,81
77,1971,470,5
77,1971,510,92
77,1971,700,4
77,1971,1320,6
77,1971,1330,2
77,1971,1970,1
77,1971,2730,2
77,1971,3091,27
77,1971,3131,60
77,1971,3160,11
77,1971,3880,3
77,1971,4120,7
77,1971,4230,11
77,1971,4520,1
77,1971,4770,29
77,1971,4880,22
77,1971,4930,197
77,1971,4940,1
77,1971,4950,1
77,1971,4980,110
77,1971,5010,7
77,1971,5070,6
77,1971,5110,66
77,1971,5170,2
77,1971,5190,6
77,1971,5290,12
77,1971,5600,3
77,1971,5630,1
77,1971,5810,40
77,1971,5870,4
77,1971,5930,6
77,1971,5980,2
77,1971,6110,1
77,1971,6130,6
77,1971,6190,2
77,1971,6240,1
77,1971,6310,1
77,1971,6520,14
77,1971,6810,16
77,1971,6882,57
77,1971,7030,6
77,1971,7040,13
77,1971,7180,1
77,1971,7210,2
77,1971,7310,1
77,1971,7350,5
77,1971,7610,76
77,1972,470,2
77,1972,510,94
77,1972,700,3
77,1972,1320,7
77,1972,1330,2
77,1972,2010,3
77,1972,2020,6
77,1972,3091,36
77,1972,3131,24
77,1972,3160,8
77,1972,3880,1
77,1972,3940,2
77,1972,4120,7
77,1972,4230,10
77,1972,4440,7
77,1972,4770,10
77,1972,4880,38
77,1972,4930,211
77,1972,4940,2
77,1972,4950,1
77,1972,4980,85
77,1972,5010,2
77,1972,5060,1
77,1972,5070,4
77,1972,5110,46
77,1972,5170,4
77,1972,5190,1
77,1972,5290,6
77,1972,5600,4
77,1972,5630,1
77,1972,5810,58
77,1972,5870,1
77,1972,5930,7
77,1972,5980,1
77,1972,6130,5
77,1972,6140,1
77,1972,6520,14
77,1972,6810,15
77,1972,6882,78
77,1972,7030,4
77,1972,7040,9
77,1972,7210,3
77,1972,7350,1
77,1972,7550,2
77,1972,7610,51
77,1973,470,2
77,1973,510,70
77,1973,700,4
77,1973,1320,8
77,1973,1400,1
77,1973,2020,2
77,1973,2730,1
77,1973,3091,18
77,1973,3131,24
77,1973,3160,1
77,1973,3880,2
77,1973,4120,4
77,1973,4230,10
77,1973,4520,1
77,1973,4770,17
77,1973,4880,32
77,1973,4930,180
77,1973,4940,2
77,1973,4980,108
77,1973,5010,5
77,1973,5070,8
77,1973,5110,43
77,1973,5190,3
77,1973,5290,2
77,1973,5600,2
77,1973,5630,1
77,1973,5810,48
77,1973,5870,5
77,1973,5930,5
77,1973,5980,1
77,1973,6130,1
77,1973,6240,1
77,1973,6520,9
77,1973,6810,14
77,1973,6882,48
77,1973,7030,5
77,1973,7040,4
77,1973,7180,2
77,1973,7250,1
77,1973,7350,1
77,1973,7610,63
77,1974,510,21
77,1974,700,8
77,1974,1320,10
77,1974,1330,3
77,1974,1960,1
77,1974,1970,4
77,1974,3091,12
77,1974,3131,32
77,1974,3160,6
77,1974,3430,1
77,1974,3600,2
77,1974,4120,4
77,1974,4230,7
77,1974,4440,6
77,1974,4520,1
77,1974,4770,9
77,1974,4880,26
77,1974,4930,241
77,1974,4980,101
77,1974,5010,3
77,1974,5070,3
77,1974,5110,49
77,1974,5170,1
77,1974,5190,6
77,1974,5290,1
77,1974,5600,3
77,1974,5810,55
77,1974,5930,16
77,1974,5980,1
77,1974,6130,14
77,1974,6140,3
77,1974,6520,7
77,1974,6590,1
77,1974,6810,17
77,1974,6882,100
77,1974,7030,6
77,1974,7040,17
77,1974,7210,4
77,1974,7250,1
77,1974,7610,78
77,1975,470,2
77,1975,510,58
77,1975,700,7
77,1975,1320,7
77,1975,1330,2
77,1975,1860,2
77,1975,1940,1
77,1975,1960,2
77,1975,1970,5
77,1975,2730,3
77,1975,3091,14
77,1975,3131,27
77,1975,3160,20
77,1975,4120,7
77,1975,4230,5
77,1975,4440,1
77,1975,4520,1
77,1975,4770,13
77,1975,4880,14
77,1975,4930,240
77,1975,4950,2
77,1975,4980,66
77,1975,5070,1
77,1975,5110,133
77,1975,5190,5
77,1975,5290,5
77,1975,5600,3
77,1975,5810,34
77,1975,5870,1
77,1975,5930,3
77,1975,5950,1
77,1975,6130,5
77,1975,6520,17
77,1975,6810,7
77,1975,6882,51
77,1975,7030,9
77,1975,7040,2
77,1975,7180,2
77,1975,7210,1
77,1975,7350,3
77,1975,7550,1
77,1975,7610,101
77,1976,470,2
77,1976,510,96
77,1976,700,6
77,1976,1200,30
77,1976,1320,5
77,1976,1330,9
77,1976,1860,4
77,1976,1960,3
77,1976,1970,5
77,1976,2010,3
77,1976,2730,3
77,1976,3091,21
77,1976,3131,83
77,1976,3160,16
77,1976,3600,2
77,1976,4120,4
77,1976,4230,25
77,1976,4440,4
77,1976,4770,6
77,1976,4880,25
77,1976,4930,373
77,1976,4950,4
77,1976,4980,62
77,1976,5070,5
77,1976,5110,121
77,1976,5170,1
77,1976,5190,15
77,1976,5290,5
77,1976,5600,9
77,1976,5810,70
77,1976,5870,2
77,1976,5930,24
77,1976,6130,5
77,1976,6140,1
77,1976,6520,14
77,1976,6810,18
77,1976,6882,55
77,1976,7030,15
77,1976,7040,7
77,1976,7180,4
77,1976,7210,5
77,1976,7350,4
77,1976,7550,1
77,1976,7610,124
77,1977,470,5
77,1977,510,58
77,1977,700,4
77,1977,1320,3
77,1977,1330,6
77,1977,1860,12
77,1977,1970,13
77,1977,2020,1
77,1977,2730,1
77,1977,3091,22
77,1977,3131,94
77,1977,3160,19
77,1977,3600,2
77,1977,3940,1
77,1977,4120,2
77,1977,4230,27
77,1977,4770,26
77,1977,4880,43
77,1977,4930,232
77,1977,4950,1
77,1977,4980,127
77,1977,5010,1
77,1977,5070,6
77,1977,5110,86
77,1977,5170,6
77,1977,5190,61
77,1977,5290,7
77,1977,5490,2
77,1977,5600,9
77,1977,5810,79
77,1977,5870,1
77,1977,5930,23
77,1977,6130,7
77,1977,6140,4
77,1977,6190,1
77,1977,6240,1
77,1977,6520,12
77,1977,6810,18
77,1977,6882,67
77,1977,7030,34
77,1977,7040,6
77,1977,7180,1
77,1977,7350,2
77,1977,7550,1
77,1977,7610,195
77,1978,470,7
77,1978,510,78
77,1978,580,4
77,1978,700,11
77,1978,1200,4
77,1978,1320,43
77,1978,1330,3
77,1978,1720,30
77,1978,1860,4
77,1978,1960,8
77,1978,1970,1
77,1978,2010,1
77,1978,2020,1
77,1978,2730,4
77,1978,2890,1
77,1978,3091,21
77,1978,3131,98
77,1978,3160,44
77,1978,3370,1
77,1978,3600,2
77,1978,4120,3
77,1978,4230,22
77,1978,4440,2
77,1978,4770,14
77,1978,4880,37
77,1978,4930,269
77,1978,4950,4
77,1978,4980,68
77,1978,5070,4
77,1978,5110,93
77,1978,5190,26
77,1978,5290,2
77,1978,5490,1
77,1978,5600,10
77,1978,5630,1
77,1978,5810,64
77,1978,5870,1
77,1978,5930,18
77,1978,6110,3
77,1978,6130,3
77,1978,6140,1
77,1978,6520,37
77,1978,6810,26
77,1978,6882,56
77,1978,7030,40
77,1978,7040,14
77,1978,7210,1
77,1978,7610,137
77,1985,510,31
77,1985,1200,2
77,1985,1320,3
77,1985,1860,10
77,1985,1970,3
77,1985,2010,1
77,1985,2730,1
77,1985,3091,13
77,1985,3131,22
77,1985,3160,26
77,1985,3940,2
77,1985,4120,6
77,1985,4230,19
77,1985,4440,1
77,1985,4520,1
77,1985,4610,1
77,1985,4660,1
77,1985,4770,17
77,1985,4880,37
77,1985,4930,234
77,1985,4950,6
77,1985,4980,46
77,1985,5010,1
77,1985,5070,6
77,1985,5110,60
77,1985,5190,70
77,1985,5290,9
77,1985,5600,5
77,1985,5810,63
77,1985,5930,24
77,1985,6130,10
77,1985,6140,1
77,1985,6240,1
77,1985,6520,25
77,1985,6590,1
77,1985,6730,1
77,1985,6810,26
77,1985,6882,67
77,1985,7030,16
77,1985,7040,25
77,1985,7180,4
77,1985,7210,1
77,1985,7310,3
77,1985,7350,2
77,1985,7550,2
77,1985,7610,86
77,1986,470,1
77,1986,510,35
77,1986,700,3
77,1986,1200,7
77,1986,1860,3
77,1986,1970,2
77,1986,2010,3
77,1986,3091,10
77,1986,3131,34
77,1986,3160,23
77,1986,3370,1
77,1986,3600,1
77,1986,3940,1
77,1986,4120,2
77,1986,4230,7
77,1986,4440,3
77,1986,4660,1
77,1986,4770,17
77,1986,4880,43
77,1986,4930,492
77,1986,4950,5
77,1986,4980,80
77,1986,5010,2
77,1986,5070,3
77,1986,5110,90
77,1986,5190,81
77,1986,5290,10
77,1986,5600,3
77,1986,5630,1
77,1986,5810,61
77,1986,5930,19
77,1986,6130,20
77,1986,6140,2
77,1986,6520,13
77,1986,6810,18
77,1986,6882,79
77,1986,7030,16
77,1986,7040,18
77,1986,7180,4
77,1986,7210,4
77,1986,7310,1
77,1986,7350,6
77,1986,7610,74
77,1987,470,1
77,1987,510,70
77,1987,1200,2
77,1987,1330,2
77,1987,1860,1
77,1987,1970,2
77,1987,2000,1
77,1987,2730,1
77,1987,3091,1
77,1987,3131,71
77,1987,3160,23
77,1987,3370,1
77,1987,4230,17
77,1987,4440,1
77,1987,4660,1
77,1987,4770,12
77,1987,4880,39
77,1987,4930,317
77,1987,4950,3
77,1987,4980,66
77,1987,5010,1
77,1987,5110,43
77,1987,5190,72
77,1987,5290,6
77,1987,5600,1
77,1987,5810,50
77,1987,5930,16
77,1987,6130,7
77,1987,6140,7
77,1987,6170,3
77,1987,6520,5
77,1987,6810,18
77,1987,6882,30
77,1987,7030,14
77,1987,7040,14
77,1987,7050,1
77,1987,7180,2
77,1987,7210,3
77,1987,7350,3
77,1987,7610,84
77,1988,470,2
77,1988,510,52
77,1988,700,2
77,1988,1200,13
77,1988,1320,2
77,1988,1330,1
77,1988,1860,1
77,1988,1970,1
77,1988,2020,1
77,1988,3091,18
77,1988,3131,38
77,1988,3160,31
77,1988,3600,1
77,1988,3940,2
77,1988,4230,24
77,1988,4440,1
77,1988,4770,19
77,1988,4880,52
77,1988,4930,446
77,1988,4950,4
77,1988,4980,74
77,1988,5070,2
77,1988,5110,79
77,1988,5170,2
77,1988,5190,45
77,1988,5290,16
77,1988,5600,3
77,1988,5630,1
77,1988,5810,68
77,1988,5930,27
77,1988,6130,2
77,1988,6140,2
77,1988,6240,1
77,1988,6520,25
77,1988,6810,17
77,1988,6882,47
77,1988,7030,27
77,1988,7040,7
77,1988,7180,5
77,1988,7210,4
77,1988,7310,2
77,1988,7350,6
77,1988,7610,78
77,1989,470,23
77,1989,510,78
77,1989,540,2
77,1989,700,5
77,1989,1200,18
77,1989,1320,3
77,1989,1860,15
77,1989,1960,2
77,1989,1970,5
77,1989,2730,1
77,1989,3091,13
77,1989,3131,32
77,1989,3160,32
77,1989,3940,1
77,1989,4120,4
77,1989,4200,1
77,1989,4230,6
77,1989,4440,2
77,1989,4660,1
77,1989,4770,20
77,1989,4880,59
77,1989,4930,499
77,1989,4950,3
77,1989,4980,62
77,1989,5070,2
77,1989,5110,64
77,1989,5190,64
77,1989,5290,7
77,1989,5600,3
77,1989,5810,82
77,1989,5870,1
77,1989,5930,15
77,1989,6130,3
77,1989,6170,5
77,1989,6520,15
77,1989,6810,14
77,1989,6882,55
77,1989,7030,30
77,1989,7040,19
77,1989,7050,1
77,1989,7180,14
77,1989,7210,3
77,1989,7310,2
77,1989,7350,2
77,1989,7610,107
77,1990,510,20
77,1990,700,1
77,1990,1200,4
77,1990,1320,4
77,1990,1970,2
77,1990,2010,1
77,1990,2020,1
77,1990,2730,1
77,1990,3091,14
77,1990,3131,2
77,1990,3160,32
77,1990,3940,2
77,1990,4120,5
77,1990,4230,4
77,1990,4520,1
77,1990,4660,1
77,1990,4770,5
77,1990,4880,39
77,1990,4930,197
77,1990,4950,8
77,1990,4980,53
77,1990,5110,67
77,1990,5190,57
77,1990,5290,16
77,1990,5600,3
77,1990,5810,98
77,1990,5930,20
77,1990,6110,1
77,1990,6130,5
77,1990,6140,5
77,1990,6170,2
77,1990,6520,25
77,1990,6810,6
77,1990,6882,62
77,1990,7030,18
77,1990,7040,25
77,1990,7180,17
77,1990,7210,1
77,1990,7310,2
77,1990,7350,5
77,1990,7610,79
77,1973,1320,1
77,1973,1720,7
77,1973,2280,2
77,1973,2890,12
77,1973,3000,1
77,1973,3091,4
77,1973,3160,12
77,1973,3880,3
77,1973,3930,1
77,1973,3940,5
77,1973,4120,8
77,1973,4171,4
77,1973,4230,17
77,1973,4280,1
77,1973,4440,13
77,1973,4520,4
77,1973,4560,44
77,1973,4610,8
77,1973,4670,1
77,1973,4770,28
77,1973,4880,18
77,1973,4930,249
77,1973,4950,2
77,1973,4980,64
77,1973,5070,12
77,1973,5110,16
77,1973,5170,3
77,1973,5290,4
77,1973,5600,9
77,1973,5630,6
77,1973,5810,37
77,1973,5870,100
77,1973,5930,3
77,1973,5950,1
77,1973,5980,1
77,1973,6080,4
77,1973,6130,14
77,1973,6140,19
77,1973,6240,18
77,1973,6360,3
77,1973,6410,1
77,1973,6520,16
77,1973,6590,3
77,1973,6670,1
77,1973,6710,1
77,1973,6730,12
77,1973,6740,11
77,1973,6750,1
77,1973,6810,38
77,1973,6860,1
77,1973,6870,1
77,1973,6882,14
77,1973,7030,7
77,1973,7040,37
77,1973,7050,14
77,1973,7210,13
77,1973,7270,1
77,1973,7310,1
77,1973,7350,44
77,1973,7550,35
77,1973,7560,7
77,1973,7590,2
77,1973,7610,153
77,1974,510,1
77,1974,2890,19
77,1974,3160,14
77,1974,3370,1
77,1974,3430,2
77,1974,3600,1
77,1974,3870,4
77,1974,3880,2
77,1974,3930,2
77,1974,3940,7
77,1974,4120,7
77,1974,4171,7
77,1974,4230,5
77,1974,4440,5
77,1974,4520,2
77,1974,4560,10
77,1974,4610,7
77,1974,4770,44
77,1974,4880,29
77,1974,4930,226
77,1974,4950,2
77,1974,4980,93
77,1974,5070,12
77,1974,5110,59
77,1974,5170,1
77,1974,5290,3
77,1974,5600,18
77,1974,5630,12
77,1974,5810,52
77,1974,5870,79
77,1974,5930,5
77,1974,5980,1
77,1974,6080,7
77,1974,6130,10
77,1974,6140,20
77,1974,6240,8
77,1974,6270,3
77,1974,6360,11
77,1974,6410,5
77,1974,6520,6
77,1974,6590,5
77,1974,6670,2
77,1974,6710,1
77,1974,6730,12
77,1974,6740,11
77,1974,6810,55
77,1974,6860,1
77,1974,6870,2
77,1974,6882,14
77,1974,7030,6
77,1974,7040,51
77,1974,7050,7
77,1974,7210,9
77,1974,7270,3
77,1974,7310,6
77,1974,7350,16
77,1974,7550,31
77,1974,7560,19
77,1974,7590,2
77,1974,7610,128
77,1975,1440,1
77,1975,2280,1
77,1975,2730,1
77,1975,2890,4
77,1975,3131,1
77,1975,3160,16
77,1975,3330,1
77,1975,3370,1
77,1975,3430,1
77,1975,3870,2
77,1975,3880,1
77,1975,3940,1
77,1975,4120,15
77,1975,4171,10
77,1975,4230,3
77,1975,4440,5
77,1975,4520,1
77,1975,4560,21
77,1975,4610,10
77,1975,4770,34
77,1975,4880,31
77,1975,4930,218
77,1975,4950,1
77,1975,4980,74
77,1975,5070,26
77,1975,5110,38
77,1975,5170,2
77,1975,5290,5
77,1975,5600,12
77,1975,5630,13
77,1975,5810,41
77,1975,5870,71
77,1975,5930,5
77,1975,5980,1
77,1975,6080,3
77,1975,6130,5
77,1975,6140,9
77,1975,6240,2
77,1975,6360,17
77,1975,6410,10
77,1975,6520,6
77,1975,6590,1
77,1975,6670,1
77,1975,6710,1
77,1975,6730,12
77,1975,6740,12
77,1975,6810,32
77,1975,6860,1
77,1975,6870,1
77,1975,6882,2
77,1975,7030,3
77,1975,7040,31
77,1975,7050,8
77,1975,7210,11
77,1975,7270,2
77,1975,7350,18
77,1975,7550,38
77,1975,7560,8
77,1975,7590,1
77,1975,7610,126
77,1976,2280,1
77,1976,2730,1
77,1976,2890,28
77,1976,3131,1
77,1976,3160,24
77,1976,3750,1
77,1976,3870,2
77,1976,3880,1
77,1976,3930,1
77,1976,3940,4
77,1976,4120,15
77,1976,4171,7
77,1976,4440,2
77,1976,4520,2
77,1976,4560,23
77,1976,4610,12
77,1976,4770,46
77,1976,4880,60
77,1976,4930,315
77,1976,4950,2
77,1976,4980,127
77,1976,5070,28
77,1976,5110,55
77,1976,5190,2
77,1976,5290,9
77,1976,5600,23
77,1976,5630,12
77,1976,5810,26
77,1976,5870,74
77,1976,5930,13
77,1976,5950,1
77,1976,6080,5
77,1976,6130,4
77,1976,6140,8
77,1976,6240,9
77,1976,6360,20
77,1976,6410,6
77,1976,6520,7
77,1976,6590,4
77,1976,6670,2
77,1976,6710,2
77,1976,6730,13
77,1976,6740,10
77,1976,6810,33
77,1976,6860,1
77,1976,6870,2
77,1976,6882,4
77,1976,7030,7
77,1976,7040,56
77,1976,7050,5
77,1976,7210,14
77,1976,7270,3
77,1976,7350,22
77,1976,7550,52
77,1976,7560,19
77,1976,7590,1
77,1976,7610,166
77,1977,510,5
77,1977,2010,1
77,1977,2730,2
77,1977,2890,21
77,1977,3131,6
77,1977,3160,24
77,1977,3370,1
77,1977,3430,1
77,1977,3600,3
77,1977,3870,1
77,1977,3930,2
77,1977,3940,5
77,1977,4120,7
77,1977,4171,10
77,1977,4230,11
77,1977,4440,6
77,1977,4520,1
77,1977,4560,14
77,1977,4610,5
77,1977,4770,38
77,1977,4880,61
77,1977,4930,114
77,1977,4980,75
77,1977,5070,25
77,1977,5110,42
77,1977,5170,2
77,1977,5190,3
77,1977,5290,8
77,1977,5600,28
77,1977,5630,4
77,1977,5810,20
77,1977,5870,89
77,1977,5930,4
77,1977,6080,2
77,1977,6130,10
77,1977,6140,10
77,1977,6240,14
77,1977,6270,2
77,1977,6360,12
77,1977,6410,10
77,1977,6520,2
77,1977,6590,3
77,1977,6670,1
77,1977,6710,2
77,1977,6730,12
77,1977,6740,10
77,1977,6810,23
77,1977,6860,2
77,1977,6870,3
77,1977,6882,14
77,1977,7030,11
77,1977,7040,49
77,1977,7050,12
77,1977,7210,8
77,1977,7270,4
77,1977,7350,17
77,1977,7550,47
77,1977,7560,23
77,1977,7590,1
77,1977,7610,127
77,1978,510,4
77,1978,2730,1
77,1978,2890,4
77,1978,3160,13
77,1978,3370,2
77,1978,3930,1
77,1978,3940,1
77,1978,4120,12
77,1978,4230,5
77,1978,4440,6
77,1978,4520,5
77,1978,4560,7
77,1978,4610,10
77,1978,4670,1
77,1978,4770,10
77,1978,4880,27
77,1978,4930,37
77,1978,4950,1
77,1978,4980,41
77,1978,5070,10
77,1978,5110,13
77,1978,5190,2
77,1978,5290,2
77,1978,5600,6
77,1978,5810,9
77,1978,5870,24
77,1978,5930,4
77,1978,5950,1
77,1978,6080,8
77,1978,6130,3
77,1978,6140,1
77,1978,6190,2
77,1978,6240,17
77,1978,6280,1
77,1978,6310,6
77,1978,6360,6
77,1978,6410,14
77,1978,6520,5
77,1978,6590,5
77,1978,6670,4
77,1978,6710,1
77,1978,6730,3
77,1978,6740,16
77,1978,6810,24
77,1978,6870,5
77,1978,6882,18
77,1978,7030,10
77,1978,7040,29
77,1978,7050,3
77,1978,7180,1
77,1978,7210,15
77,1978,7310,12
77,1978,7350,5
77,1978,7550,9
77,1978,7560,12
77,1978,7590,2
77,1978,7610,91
77,1986,510,5
77,1986,2890,11
77,1986,3091,2
77,1986,3131,35
77,1986,3160,11
77,1986,3340,1
77,1986,3390,1
77,1986,3600,1
77,1986,3640,4
77,1986,3680,1
77,1986,3870,3
77,1986,3880,1
77,1986,3930,2
77,1986,4120,1
77,1986,4171,2
77,1986,4230,3
77,1986,4440,5
77,1986,4520,3
77,1986,4560,3
77,1986,4610,8
77,1986,4770,18
77,1986,4880,34
77,1986,4930,42
77,1986,4950,2
77,1986,4980,8
77,1986,5010,1
77,1986,5070,6
77,1986,5110,22
77,1986,5190,8
77,1986,5290,9
77,1986,5600,10
77,1986,5810,21
77,1986,5840,1
77,1986,5870,39
77,1986,5930,5
77,1986,6080,3
77,1986,6130,18
77,1986,6140,1
77,1986,6240,9
77,1986,6360,9
77,1986,6410,8
77,1986,6520,9
77,1986,6710,2
77,1986,6730,5
77,1986,6740,28
77,1986,6810,14
77,1986,6870,5
77,1986,6882,13
77,1986,7030,5
77,1986,7040,31
77,1986,7180,1
77,1986,7210,17
77,1986,7270,3
77,1986,7310,10
77,1986,7350,6
77,1986,7510,3
77,1986,7550,12
77,1986,7560,7
77,1986,7590,5
77,1986,7610,28
77,1989,2890,2
77,1989,3160,6
77,1989,3330,1
77,1989,3940,3
77,1989,4090,1
77,1989,4120,1
77,1989,4171,2
77,1989,4440,3
77,1989,4520,6
77,1989,4560,1
77,1989,4610,16
77,1989,4670,1
77,1989,4770,9
77,1989,4880,19
77,1989,4930,40
77,1989,4950,5
77,1989,4980,14
77,1989,5010,2
77,1989,5070,1
77,1989,5110,4
77,1989,5190,9
77,1989,5290,3
77,1989,5600,14
77,1989,5630,4
77,1989,5810,14
77,1989,5840,1
77,1989,5870,48
77,1989,5930,8
77,1989,5950,1
77,1989,6080,3
77,1989,6130,2
77,1989,6190,2
77,1989,6240,11
77,1989,6280,1
77,1989,6310,2
77,1989,6360,10
77,1989,6410,3
77,1989,6520,7
77,1989,6590,6
77,1989,6670,5
77,1989,6710,2
77,1989,6730,6
77,1989,6740,33
77,1989,6810,24
77,1989,6840,1
77,1989,6860,1
77,1989,7030,2
77,1989,7040,29
77,1989,7050,2
77,1989,7180,7
77,1989,7210,10
77,1989,7260,2
77,1989,7270,7
77,1989,7310,18
77,1989,7350,12
77,1989,7550,19
77,1989,7560,14
77,1989,7590,6
77,1989,7610,16
77,1990,1720,15
77,1990,2010,1
77,1990,2890,2
77,1990,3131,3
77,1990,3160,15
77,1990,3640,2
77,1990,3940,2
77,1990,4120,8
77,1990,4230,2
77,1990,4440,1
77,1990,4520,3
77,1990,4560,12
77,1990,4610,6
77,1990,4770,15
77,1990,4880,10
77,1990,4930,31
77,1990,4980,14
77,1990,5070,4
77,1990,5110,6
77,1990,5170,1
77,1990,5290,4
77,1990,5600,9
77,1990,5630,1
77,1990,5810,19
77,1990,5870,30
77,1990,5930,13
77,1990,6240,2
77,1990,6360,7
77,1990,6410,8
77,1990,6520,11
77,1990,6730,5
77,1990,6740,18
77,1990,6810,25
77,1990,6882,4
77,1990,7030,5
77,1990,7040,49
77,1990,7050,1
77,1990,7180,2
77,1990,7210,19
77,1990,7270,4
77,1990,7310,24
77,1990,7350,21
77,1990,7550,14
77,1990,7560,6
77,1990,7610,18
77,1991,1720,1
77,1991,2730,2
77,1991,2890,1
77,1991,3160,33
77,1991,3640,2
77,1991,4440,1
77,1991,4560,7
77,1991,4610,2
77,1991,4770,8
77,1991,4880,22
77,1991,4930,65
77,1991,4980,17
77,1991,5070,6
77,1991,5110,8
77,1991,5190,4
77,1991,5290,3
77,1991,5600,13
77,1991,5810,8
77,1991,5870,31
77,1991,5930,11
77,1991,6130,4
77,1991,6140,3
77,1991,6190,7
77,1991,6240,6
77,1991,6310,5
77,1991,6360,6
77,1991,6410,7
77,1991,6520,12
77,1991,6670,1
77,1991,6730,4
77,1991,6740,31
77,1991,6810,11
77,1991,6882,12
77,1991,7030,5
77,1991,7040,20
77,1991,7180,8
77,1991,7210,6
77,1991,7310,13
77,1991,7350,14
77,1991,7550,7
77,1991,7560,7
77,1991,7590,3
77,1991,7610,23
77,1991,7660,2
77,1973,510,1
77,1973,2010,1
77,1973,3131,51
77,1973,3160,11
77,1973,3600,1
77,1973,3930,3
77,1973,3940,16
77,1973,4120,6
77,1973,4171,1
77,1973,4230,39
77,1973,4440,9
77,1973,4520,1
77,1973,4560,14
77,1973,4610,5
77,1973,4670,1
77,1973,4770,41
77,1973,4880,21
77,1973,4930,458
77,1973,4940,3
77,1973,4950,2
77,1973,4980,150
77,1973,5010,2
77,1973,5060,1
77,1973,5070,36
77,1973,5110,131
77,1973,5170,1
77,1973,5290,2
77,1973,5600,4
77,1973,5630,11
77,1973,5810,55
77,1973,5870,39
77,1973,5930,3
77,1973,5950,3
77,1973,6080,4
77,1973,6130,7
77,1973,6140,9
77,1973,6240,7
77,1973,6360,5
77,1973,6410,2
77,1973,6520,6
77,1973,6590,1
77,1973,6730,2
77,1973,6740,5
77,1973,6810,37
77,1973,6860,1
77,1973,6870,1
77,1973,6882,148
77,1973,7030,24
77,1973,7040,12
77,1973,7050,4
77,1973,7210,21
77,1973,7270,6
77,1973,7350,17
77,1973,7550,30
77,1973,7560,3
77,1973,7590,2
77,1973,7610,149
77,1974,3131,11
77,1974,3160,1
77,1974,3430,2
77,1974,3880,2
77,1974,3940,4
77,1974,4120,7
77,1974,4230,18
77,1974,4440,3
77,1974,4560,4
77,1974,4610,6
77,1974,4670,2
77,1974,4770,24
77,1974,4880,6
77,1974,4930,113
77,1974,4950,3
77,1974,4980,23
77,1974,5010,3
77,1974,5070,20
77,1974,5110,24
77,1974,5170,2
77,1974,5290,1
77,1974,5600,5
77,1974,5630,6
77,1974,5810,31
77,1974,5840,1
77,1974,5870,20
77,1974,5930,2
77,1974,5950,5
77,1974,5980,2
77,1974,6080,7
77,1974,6140,3
77,1974,6240,16
77,1974,6270,1
77,1974,6360,2
77,1974,6410,1
77,1974,6520,4
77,1974,6590,1
77,1974,6740,10
77,1974,6810,12
77,1974,6882,43
77,1974,7030,7
77,1974,7040,16
77,1974,7050,3
77,1974,7210,10
77,1974,7270,1
77,1974,7310,6
77,1974,7350,8
77,1974,7550,17
77,1974,7560,1
77,1974,7610,48
77,1975,2730,2
77,1975,2890,2
77,1975,3131,2
77,1975,3160,5
77,1975,3880,2
77,1975,3940,1
77,1975,4120,10
77,1975,4230,8
77,1975,4440,8
77,1975,4520,1
77,1975,4560,6
77,1975,4610,5
77,1975,4670,1
77,1975,4770,17
77,1975,4880,19
77,1975,4930,56
77,1975,4950,1
77,1975,4980,49
77,1975,5010,4
77,1975,5070,10
77,1975,5110,34
77,1975,5170,3
77,1975,5600,11
77,1975,5630,5
77,1975,5810,23
77,1975,5870,24
77,1975,5930,6
77,1975,5950,4
77,1975,5980,4
77,1975,6080,11
77,1975,6130,7
77,1975,6140,4
77,1975,6190,1
77,1975,6240,19
77,1975,6360,5
77,1975,6520,3
77,1975,6590,3
77,1975,6740,12
77,1975,6810,17
77,1975,6882,45
77,1975,7030,11
77,1975,7040,20
77,1975,7050,1
77,1975,7210,13
77,1975,7310,5
77,1975,7350,3
77,1975,7550,22
77,1975,7610,64
77,1976,2730,1
77,1976,2890,2
77,1976,3131,6
77,1976,3160,5
77,1976,3430,1
77,1976,3880,1
77,1976,3940,1
77,1976,4120,7
77,1976,4230,8
77,1976,4440,3
77,1976,4520,1
77,1976,4560,9
77,1976,4610,4
77,1976,4670,6
77,1976,4770,14
77,1976,4880,8
77,1976,4930,40
77,1976,4980,47
77,1976,5010,1
77,1976,5070,7
77,1976,5110,21
77,1976,5290,3
77,1976,5600,4
77,1976,5630,5
77,1976,5810,26
77,1976,5870,13
77,1976,5930,1
77,1976,5950,2
77,1976,5980,3
77,1976,6080,12
77,1976,6130,5
77,1976,6140,6
77,1976,6240,25
77,1976,6280,1
77,1976,6360,3
77,1976,6520,3
77,1976,6590,8
77,1976,6730,2
77,1976,6740,9
77,1976,6810,20
77,1976,6870,1
77,1976,6882,37
77,1976,7030,7
77,1976,7040,27
77,1976,7050,2
77,1976,7210,5
77,1976,7270,2
77,1976,7310,2
77,1976,7350,5
77,1976,7550,24
77,1976,7560,5
77,1976,7590,1
77,1976,7610,55
77,1977,3131,21
77,1977,3160,5
77,1977,3430,1
77,1977,3680,1
77,1977,3940,1
77,1977,4120,6
77,1977,4230,12
77,1977,4440,6
77,1977,4520,1
77,1977,4560,2
77,1977,4610,5
77,1977,4770,12
77,1977,4880,15
77,1977,4930,36
77,1977,4980,27
77,1977,5070,7
77,1977,5110,33
77,1977,5600,2
77,1977,5630,7
77,1977,5810,18
77,1977,5840,1
77,1977,5870,16
77,1977,5930,3
77,1977,5950,3
77,1977,5980,1
77,1977,6080,11
77,1977,6130,7
77,1977,6240,23
77,1977,6280,1
77,1977,6360,6
77,1977,6520,3
77,1977,6590,5
77,1977,6730,1
77,1977,6740,4
77,1977,6810,17
77,1977,6870,1
77,1977,6882,34
77,1977,7030,15
77,1977,7040,15
77,1977,7050,2
77,1977,7210,11
77,1977,7270,4
77,1977,7280,1
77,1977,7310,7
77,1977,7350,5
77,1977,7550,16
77,1977,7560,3
77,1977,7590,1
77,1977,7610,58
77,1978,2010,1
77,1978,3131,16
77,1978,3160,2
77,1978,3940,1
77,1978,4230,11
77,1978,4440,4
77,1978,4520,2
77,1978,4560,2
77,1978,4610,5
77,1978,4670,2
77,1978,4770,17
77,1978,4880,8
77,1978,4930,65
77,1978,4980,24
77,1978,5070,12
77,1978,5110,26
77,1978,5600,3
77,1978,5630,2
77,1978,5810,21
77,1978,5870,15
77,1978,5930,5
77,1978,5950,3
77,1978,5980,3
77,1978,6080,5
77,1978,6130,3
77,1978,6240,24
77,1978,6280,1
77,1978,6360,2
77,1978,6410,3
77,1978,6520,2
77,1978,6590,6
77,1978,6730,2
77,1978,6740,6
77,1978,6810,12
77,1978,6882,52
77,1978,7030,11
77,1978,7040,12
77,1978,7050,1
77,1978,7210,8
77,1978,7270,1
77,1978,7310,8
77,1978,7350,8
77,1978,7550,24
77,1978,7560,1
77,1978,7610,36
77,1979,3131,22
77,1979,3160,5
77,1979,3430,1
77,1979,3940,4
77,1979,4120,4
77,1979,4230,12
77,1979,4440,5
77,1979,4520,1
77,1979,4560,5
77,1979,4610,4
77,1979,4670,2
77,1979,4770,24
77,1979,4880,7
77,1979,4930,69
77,1979,4950,1
77,1979,4980,41
77,1979,5070,17
77,1979,5110,16
77,1979,5190,9
77,1979,5290,4
77,1979,5600,4
77,1979,5630,3
77,1979,5810,13
77,1979,5870,6
77,1979,5930,5
77,1979,5950,3
77,1979,5980,1
77,1979,6080,13
77,1979,6130,4
77,1979,6240,27
77,1979,6360,3
77,1979,6410,1
77,1979,6520,4
77,1979,6590,6
77,1979,6730,1
77,1979,6740,8
77,1979,6810,20
77,1979,6882,63
77,1979,7030,14
77,1979,7040,10
77,1979,7050,1
77,1979,7210,9
77,1979,7270,1
77,1979,7310,17
77,1979,7350,4
77,1979,7550,10
77,1979,7560,4
77,1979,7610,48
77,1980,3131,11
77,1980,3160,1
77,1980,3880,5
77,1980,3940,2
77,1980,4120,3
77,1980,4230,6
77,1980,4440,3
77,1980,4520,3
77,1980,4560,10
77,1980,4610,3
77,1980,4670,2
77,1980,4770,15
77,1980,4880,9
77,1980,4930,50
77,1980,4980,34
77,1980,5010,1
77,1980,5070,11
77,1980,5110,23
77,1980,5190,1
77,1980,5290,1
77,1980,5600,9
77,1980,5630,3
77,1980,5810,17
77,1980,5870,10
77,1980,5930,10
77,1980,5950,2
77,1980,5980,2
77,1980,6080,14
77,1980,6130,1
77,1980,6140,2
77,1980,6240,15
77,1980,6280,1
77,1980,6360,3
77,1980,6410,1
77,1980,6520,1
77,1980,6590,3
77,1980,6730,1
77,1980,6740,14
77,1980,6810,16
77,1980,6882,39
77,1980,7030,19
77,1980,7040,15
77,1980,7050,3
77,1980,7210,13
77,1980,7260,1
77,1980,7270,3
77,1980,7310,13
77,1980,7350,18
77,1980,7550,27
77,1980,7610,38
77,1981,1720,2
77,1981,2730,1
77,1981,2890,1
77,1981,3131,17
77,1981,3160,4
77,1981,3870,1
77,1981,3880,2
77,1981,3940,3
77,1981,4120,4
77,1981,4230,11
77,1981,4440,9
77,1981,4520,2
77,1981,4560,2
77,1981,4610,3
77,1981,4670,1
77,1981,4770,29
77,1981,4880,14
77,1981,4930,39
77,1981,4980,30
77,1981,5010,1
77,1981,5070,6
77,1981,5110,10
77,1981,5190,1
77,1981,5290,3
77,1981,5600,4
77,1981,5630,5
77,1981,5810,21
77,1981,5870,15
77,1981,5930,4
77,1981,5950,2
77,1981,5980,2
77,1981,6080,10
77,1981,6130,7
77,1981,6140,6
77,1981,6240,21
77,1981,6360,4
77,1981,6410,1
77,1981,6520,3
77,1981,6590,4
77,1981,6730,2
77,1981,6740,8
77,1981,6810,28
77,1981,6882,62
77,1981,7030,17
77,1981,7040,17
77,1981,7210,11
77,1981,7270,3
77,1981,7310,6
77,1981,7350,17
77,1981,7550,23
77,1981,7610,45
77,1982,3091,1
77,1982,3131,12
77,1982,3160,19
77,1982,3940,17
77,1982,4120,5
77,1982,4230,40
77,1982,4440,4
77,1982,4520,2
77,1982,4560,5
77,1982,4610,8
77,1982,4670,2
77,1982,4770,31
77,1982,4880,27
77,1982,4930,92
77,1982,4950,7
77,1982,4980,18
77,1982,5010,1
77,1982,5070,6
77,1982,5110,12
77,1982,5190,8
77,1982,5290,5
77,1982,5600,18
77,1982,5630,4
77,1982,5810,26
77,1982,5870,8
77,1982,5930,9
77,1982,5980,1
77,1982,6080,2
77,1982,6130,16
77,1982,6140,3
77,1982,6190,8
77,1982,6240,19
77,1982,6360,4
77,1982,6410,1
77,1982,6520,1
77,1982,6590,1
77,1982,6730,1
77,1982,6740,13
77,1982,6810,22
77,1982,6870,1
77,1982,6882,19
77,1982,7030,5
77,1982,7040,26
77,1982,7050,5
77,1982,7180,2
77,1982,7210,21
77,1982,7260,1
77,1982,7270,11
77,1982,7310,9
77,1982,7350,17
77,1982,7510,1
77,1982,7550,15
77,1982,7560,1
77,1982,7610,58
77,1987,510,1
77,1987,2890,1
77,1987,3131,15
77,1987,3160,8
77,1987,3250,1
77,1987,3680,1
77,1987,3880,1
77,1987,3930,2
77,1987,3940,3
77,1987,4120,4
77,1987,4230,7
77,1987,4440,5
77,1987,4560,5
77,1987,4610,3
77,1987,4770,14
77,1987,4880,32
77,1987,4930,109
77,1987,4950,8
77,1987,4980,24
77,1987,5010,1
77,1987,5070,2
77,1987,5110,40
77,1987,5170,1
77,1987,5190,22
77,1987,5600,9
77,1987,5630,5
77,1987,5810,25
77,1987,5870,7
77,1987,5930,5
77,1987,5950,1
77,1987,6080,1
77,1987,6130,5
77,1987,6140,3
77,1987,6240,15
77,1987,6280,1
77,1987,6360,2
77,1987,6590,1
77,1987,6730,1
77,1987,6740,12
77,1987,6810,18
77,1987,6882,17
77,1987,7030,13
77,1987,7040,13
77,1987,7210,25
77,1987,7270,2
77,1987,7310,10
77,1987,7350,16
77,1987,7550,20
77,1987,7560,3
77,1987,7610,74
77,1989,1440,1
77,1989,2730,1
77,1989,3131,18
77,1989,3160,16
77,1989,3940,1
77,1989,4120,2
77,1989,4230,15
77,1989,4440,2
77,1989,4520,2
77,1989,4560,4
77,1989,4610,5
77,1989,4670,1
77,1989,4770,16
77,1989,4880,27
77,1989,4930,42
77,1989,4940,2
77,1989,4950,3
77,1989,4980,15
77,1989,5010,1
77,1989,5070,3
77,1989,5110,13
77,1989,5170,1
77,1989,5190,8
77,1989,5290,2
77,1989,5600,7
77,1989,5630,3
77,1989,5810,20
77,1989,5870,3
77,1989,5930,7
77,1989,5950,4
77,1989,6080,6
77,1989,6130,4
77,1989,6240,9
77,1989,6270,1
77,1989,6390,2
77,1989,6410,2
77,1989,6740,16
77,1989,6810,17
77,1989,6882,22
77,1989,7030,10
77,1989,7040,20
77,1989,7210,7
77,1989,7270,2
77,1989,7310,10
77,1989,7350,17
77,1989,7550,11
77,1989,7560,1
77,1989,7610,60
77,1990,1320,12
77,1990,2010,1
77,1990,2730,1
77,1990,3131,65
77,1990,3160,16
77,1990,3940,4
77,1990,4120,4
77,1990,4230,22
77,1990,4440,3
77,1990,4520,1
77,1990,4560,6
77,1990,4610,4
77,1990,4770,19
77,1990,4880,21
77,1990,4930,39
77,1990,4940,2
77,1990,4950,13
77,1990,4980,9
77,1990,5070,4
77,1990,5110,13
77,1990,5190,13
77,1990,5290,8
77,1990,5600,14
77,1990,5630,3
77,1990,5810,18
77,1990,5870,3
77,1990,5930,14
77,1990,6080,3
77,1990,6130,4
77,1990,6240,8
77,1990,6270,1
77,1990,6520,3
77,1990,6710,1
77,1990,6730,2
77,1990,6740,15
77,1990,6810,16
77,1990,6882,26
77,1990,7030,13
77,1990,7040,25
77,1990,7180,1
77,1990,7210,11
77,1990,7270,7
77,1990,7310,15
77,1990,7350,17
77,1990,7550,13
77,1990,7610,58
77,1991,3131,9
77,1991,3160,8
77,1991,3250,1
77,1991,3370,1
77,1991,4120,5
77,1991,4230,9
77,1991,4440,3
77,1991,4520,3
77,1991,4560,4
77,1991,4610,6
77,1991,4670,1
77,1991,4770,14
77,1991,4880,22
77,1991,4930,62
77,1991,4940,1
77,1991,4980,12
77,1991,5070,4
77,1991,5110,25
77,1991,5190,14
77,1991,5290,5
77,1991,5600,16
77,1991,5630,1
77,1991,5810,10
77,1991,5870,2
77,1991,5930,6
77,1991,5950,1
77,1991,6130,4
77,1991,6140,1
77,1991,6240,4
77,1991,6390,1
77,1991,6710,1
77,1991,6740,14
77,1991,6810,12
77,1991,6870,2
77,1991,6882,17
77,1991,7030,9
77,1991,7040,13
77,1991,7180,1
77,1991,7210,12
77,1991,7270,8
77,1991,7310,11
77,1991,7350,14
77,1991,7550,18
77,1991,7560,1
77,1991,7610,52
77,1992,510,1
77,1992,1440,2
77,1992,1940,2
77,1992,3131,15
77,1992,3160,19
77,1992,3940,2
77,1992,4120,6
77,1992,4230,16
77,1992,4440,1
77,1992,4520,1
77,1992,4560,4
77,1992,4610,2
77,1992,4770,13
77,1992,4880,27
77,1992,4930,32
77,1992,4950,8
77,1992,4980,16
77,1992,5070,5
77,1992,5110,4
77,1992,5190,15
77,1992,5290,5
77,1992,5600,7
77,1992,5630,2
77,1992,5810,10
77,1992,5870,4
77,1992,5930,14
77,1992,6080,4
77,1992,6130,5
77,1992,6240,17
77,1992,6270,1
77,1992,6410,2
77,1992,6520,3
77,1992,6710,1
77,1992,6730,2
77,1992,6740,15
77,1992,6810,11
77,1992,6870,5
77,1992,6882,18
77,1992,7030,8
77,1992,7040,14
77,1992,7050,2
77,1992,7180,2
77,1992,7210,9
77,1992,7270,1
77,1992,7310,17
77,1992,7350,13
77,1992,7550,11
77,1992,7560,1
77,1992,7610,43
77,1993,3131,15
77,1993,3160,19
77,1993,3390,2
77,1993,3940,3
77,1993,4090,1
77,1993,4120,4
77,1993,4230,18
77,1993,4440,2
77,1993,4520,2
77,1993,4560,8
77,1993,4610,5
77,1993,4770,19
77,1993,4880,18
77,1993,4930,29
77,1993,4950,4
77,1993,4980,12
77,1993,5010,1
77,1993,5070,3
77,1993,5110,21
77,1993,5190,23
77,1993,5290,9
77,1993,5600,16
77,1993,5630,1
77,1993,5810,11
77,1993,5870,9
77,1993,5930,5
77,1993,5950,3
77,1993,6080,5
77,1993,6130,3
77,1993,6140,1
77,1993,6240,8
77,1993,6270,1
77,1993,6410,1
77,1993,6520,3
77,1993,6710,1
77,1993,6740,16
77,1993,6810,9
77,1993,6870,3
77,1993,6882,9
77,1993,7030,5
77,1993,7040,16
77,1993,7180,4
77,1993,7210,13
77,1993,7270,5
77,1993,7310,20
77,1993,7350,22
77,1993,7550,13
77,1993,7560,2
77,1993,7610,43
77,1994,1940,2
77,1994,2890,1
77,1994,3131,16
77,1994,3160,12
77,1994,3250,1
77,1994,3370,1
77,1994,3940,4
77,1994,4120,5
77,1994,4230,22
77,1994,4440,5
77,1994,4520,2
77,1994,4560,2
77,1994,4610,4
77,1994,4770,17
77,1994,4880,13
77,1994,4930,32
77,1994,4950,7
77,1994,4980,12
77,1994,5070,10
77,1994,5110,18
77,1994,5190,10
77,1994,5290,9
77,1994,5600,19
77,1994,5630,1
77,1994,5810,12
77,1994,5870,9
77,1994,5930,13
77,1994,5950,2
77,1994,6080,3
77,1994,6130,2
77,1994,6190,1
77,1994,6240,9
77,1994,6270,1
77,1994,6360,1
77,1994,6410,1
77,1994,6520,4
77,1994,6590,3
77,1994,6710,1
77,1994,6730,2
77,1994,6740,16
77,1994,6810,10
77,1994,6870,2
77,1994,6882,24
77,1994,7030,12
77,1994,7040,14
77,1994,7210,19
77,1994,7270,8
77,1994,7310,30
77,1994,7350,19
77,1994,7550,13
77,1994,7560,2
77,1994,7610,33
77,2006,1720,4
77,2006,3091,1
77,2006,3131,9
77,2006,3160,15
77,2006,3250,13
77,2006,3370,2
77,2006,3880,7
77,2006,3940,3
77,2006,4090,4
77,2006,4230,2
77,2006,4440,1
77,2006,4560,9
77,2006,4610,7
77,2006,4770,9
77,2006,4880,22
77,2006,4930,20
77,2006,4950,13
77,2006,4980,12
77,2006,5070,12
77,2006,5110,15
77,2006,5190,9
77,2006,5290,22
77,2006,5600,39
77,2006,5810,26
77,2006,5870,4
77,2006,5930,26
77,2006,6080,2
77,2006,6130,3
77,2006,6190,4
77,2006,6240,16
77,2006,6270,5
77,2006,6360,1
77,2006,6390,1
77,2006,6410,3
77,2006,6520,3
77,2006,6590,6
77,2006,6710,2
77,2006,6740,8
77,2006,6810,9
77,2006,6870,6
77,2006,6882,47
77,2006,7030,4
77,2006,7040,28
77,2006,7180,4
77,2006,7210,17
77,2006,7270,2
77,2006,7310,29
77,2006,7350,19
77,2006,7510,1
77,2006,7550,5
77,2006,7560,3
77,2006,7610,57
77,2009,1310,1
77,2009,1320,6
77,2009,1440,1
77,2009,1940,1
77,2009,3160,5
77,2009,3250,1
77,2009,3370,1
77,2009,3390,1
77,2009,3430,1
77,2009,3930,1
77,2009,3940,3
77,2009,4090,1
77,2009,4120,3
77,2009,4230,11
77,2009,4440,2
77,2009,4520,1
77,2009,4560,7
77,2009,4610,5
77,2009,4660,1
77,2009,4770,6
77,2009,4880,12
77,2009,4930,4
77,2009,4950,4
77,2009,4980,7
77,2009,5070,4
77,2009,5110,6
77,2009,5190,2
77,2009,5290,13
77,2009,5600,14
77,2009,5630,1
77,2009,5810,11
77,2009,5870,3
77,2009,5930,8
77,2009,5980,1
77,2009,6080,2
77,2009,6130,1
77,2009,6140,2
77,2009,6190,4
77,2009,6240,11
77,2009,6270,1
77,2009,6280,1
77,2009,6360,1
77,2009,6390,1
77,2009,6410,3
77,2009,6520,11
77,2009,6590,1
77,2009,6730,1
77,2009,6740,8
77,2009,6810,7
77,2009,6870,2
77,2009,6882,15
77,2009,7030,3
77,2009,7040,19
77,2009,7180,2
77,2009,7210,13
77,2009,7270,6
77,2009,7310,11
77,2009,7350,11
77,2009,7510,1
77,2009,7550,1
77,2009,7560,1
77,2009,7610,18
77,2010,1320,21
77,2010,1720,8
77,2010,2730,1
77,2010,3131,10
77,2010,3160,9
77,2010,3250,2
77,2010,3390,1
77,2010,3680,1
77,2010,3940,5
77,2010,4090,4
77,2010,4120,2
77,2010,4230,24
77,2010,4280,1
77,2010,4440,2
77,2010,4520,4
77,2010,4560,4
77,2010,4610,6
77,2010,4770,11
77,2010,4880,12
77,2010,4930,27
77,2010,4950,10
77,2010,4980,14
77,2010,5070,3
77,2010,5110,10
77,2010,5190,3
77,2010,5290,20
77,2010,5600,20
77,2010,5630,1
77,2010,5810,11
77,2010,5870,3
77,2010,5930,17
77,2010,5950,1
77,2010,5980,1
77,2010,6080,6
77,2010,6140,4
77,2010,6190,3
77,2010,6240,14
77,2010,6270,2
77,2010,6280,1
77,2010,6360,1
77,2010,6390,2
77,2010,6520,8
77,2010,6590,2
77,2010,6670,1
77,2010,6710,1
77,2010,6730,3
77,2010,6740,12
77,2010,6810,5
77,2010,6870,7
77,2010,6882,28
77,2010,7030,2
77,2010,7040,17
77,2010,7180,8
77,2010,7210,15
77,2010,7270,6
77,2010,7310,25
77,2010,7350,8
77,2010,7550,4
77,2010,7560,3
77,2010,7610,33
77,2010,7660,2
77,2012,1200,1
77,2012,1310,4
77,2012,1320,5
77,2012,1440,1
77,2012,1940,1
77,2012,2010,1
77,2012,3100,3
77,2012,3131,15
77,2012,3160,17
77,2012,3390,1
77,2012,3430,2
77,2012,3680,1
77,2012,3940,11
77,2012,4090,6
77,2012,4120,2
77,2012,4230,39
77,2012,4280,1
77,2012,4440,3
77,2012,4560,2
77,2012,4610,3
77,2012,4770,15
77,2012,4880,32
77,2012,4930,10
77,2012,4950,1
77,2012,4980,12
77,2012,5070,2
77,2012,5110,28
77,2012,5190,3
77,2012,5290,16
77,2012,5600,27
77,2012,5810,11
77,2012,5870,1
77,2012,5930,31
77,2012,5950,1
77,2012,5980,1
77,2012,6080,3
77,2012,6130,1
77,2012,6140,3
77,2012,6190,4
77,2012,6240,8
77,2012,6270,1
77,2012,6290,1
77,2012,6710,3
77,2012,6740,7
77,2012,6810,4
77,2012,6882,46
77,2012,7030,2
77,2012,7040,32
77,2012,7180,3
77,2012,7210,9
77,2012,7270,20
77,2012,7310,25
77,2012,7350,9
77,2012,7510,3
77,2012,7550,10
77,2012,7560,2
77,2012,7610,121
77,2012,7660,3
77,2013,1320,17
77,2013,3100,2
77,2013,3160,21
77,2013,3250,1
77,2013,3940,8
77,2013,4050,1
77,2013,4090,2
77,2013,4120,3
77,2013,4230,35
77,2013,4520,1
77,2013,4560,5
77,2013,4610,2
77,2013,4770,7
77,2013,4880,20
77,2013,4930,5
77,2013,4950,6
77,2013,4980,10
77,2013,5070,7
77,2013,5110,22
77,2013,5290,10
77,2013,5600,31
77,2013,5630,1
77,2013,5810,14
77,2013,5870,3
77,2013,5930,28
77,2013,5950,2
77,2013,5980,1
77,2013,6080,2
77,2013,6130,6
77,2013,6140,1
77,2013,6190,11
77,2013,6240,17
77,2013,6520,5
77,2013,6590,2
77,2013,6710,3
77,2013,6740,7
77,2013,6810,6
77,2013,6882,79
77,2013,7030,2
77,2013,7040,34
77,2013,7180,11
77,2013,7210,15
77,2013,7270,16
77,2013,7310,33
77,2013,7350,13
77,2013,7510,1
77,2013,7550,9
77,2013,7560,5
77,2013,7610,88
77,2013,7660,6
77,2014,1320,9
77,2014,1940,2
77,2014,3131,3
77,2014,3160,21
77,2014,3330,1
77,2014,3370,2
77,2014,3390,1
77,2014,3880,2
77,2014,3930,1
77,2014,3940,17
77,2014,4090,6
77,2014,4120,4
77,2014,4230,25
77,2014,4440,2
77,2014,4520,1
77,2014,4560,2
77,2014,4610,2
77,2014,4770,8
77,2014,4880,25
77,2014,4930,44
77,2014,4950,7
77,2014,5070,2
77,2014,5110,36
77,2014,5190,9
77,2014,5290,10
77,2014,5600,27
77,2014,5810,12
77,2014,5870,3
77,2014,5930,27
77,2014,5950,1
77,2014,5980,4
77,2014,6080,2
77,2014,6130,3
77,2014,6190,6
77,2014,6240,19
77,2014,6270,2
77,2014,6410,1
77,2014,6520,4
77,2014,6590,1
77,2014,6710,3
77,2014,6740,11
77,2014,6870,1
77,2014,6882,67
77,2014,7030,5
77,2014,7040,47
77,2014,7180,10
77,2014,7210,8
77,2014,7270,30
77,2014,7310,34
77,2014,7350,15
77,2014,7510,1
77,2014,7550,20
77,2014,7560,2
77,2014,7610,86
77,2014,7660,1
77,1991,1720,1
77,1991,3160,14
77,1991,3430,1
77,1991,3680,1
77,1991,4120,6
77,1991,4230,1
77,1991,4520,9
77,1991,4560,2
77,1991,4610,12
77,1991,4770,18
77,1991,4880,16
77,1991,4930,7
77,1991,4950,6
77,1991,4980,5
77,1991,5070,9
77,1991,5110,5
77,1991,5170,1
77,1991,5190,4
77,1991,5290,2
77,1991,5600,5
77,1991,5630,1
77,1991,5810,3
77,1991,5840,1
77,1991,5870,35
77,1991,5930,2
77,1991,5950,3
77,1991,6080,8
77,1991,6130,1
77,1991,6240,31
77,1991,6280,2
77,1991,6360,5
77,1991,6390,1
77,1991,6410,1
77,1991,6520,1
77,1991,6590,8
77,1991,6670,7
77,1991,6710,1
77,1991,6730,2
77,1991,6740,65
77,1991,6810,4
77,1991,6860,1
77,1991,6870,1
77,1991,6882,3
77,1991,7030,3
77,1991,7040,16
77,1991,7210,10
77,1991,7260,1
77,1991,7270,6
77,1991,7280,1
77,1991,7310,17
77,1991,7350,8
77,1991,7510,2
77,1991,7550,7
77,1991,7560,20
77,1991,7590,18
77,1991,7610,17
77,1992,1940,1
77,1992,3160,16
77,1992,3390,1
77,1992,3680,1
77,1992,3930,1
77,1992,4120,4
77,1992,4520,9
77,1992,4560,3
77,1992,4610,7
77,1992,4670,1
77,1992,4770,16
77,1992,4880,11
77,1992,4930,1
77,1992,4950,5
77,1992,5110,11
77,1992,5190,7
77,1992,5290,4
77,1992,5600,8
77,1992,5810,4
77,1992,5870,19
77,1992,5930,4
77,1992,5950,1
77,1992,6080,18
77,1992,6240,30
77,1992,6280,5
77,1992,6290,2
77,1992,6390,1
77,1992,6590,1
77,1992,6670,4
77,1992,6710,2
77,1992,6740,71
77,1992,6750,1
77,1992,6810,7
77,1992,6870,3
77,1992,7030,1
77,1992,7040,12
77,1992,7180,2
77,1992,7210,3
77,1992,7270,4
77,1992,7310,19
77,1992,7350,13
77,1992,7550,7
77,1992,7560,17
77,1992,7590,18
77,1992,7610,16
77,1987,1330,2
77,1987,1440,2
77,1987,1782,1
77,1987,2010,5
77,1987,3091,44
77,1987,3160,12
77,1987,3310,1
77,1987,3900,1
77,1987,4120,4
77,1987,4440,6
77,1987,4770,5
77,1987,4880,53
77,1987,4930,49
77,1987,4950,8
77,1987,4980,96
77,1987,5110,107
77,1987,5190,12
77,1987,5290,15
77,1987,5810,104
77,1987,5870,20
77,1987,5930,23
77,1987,6130,3
77,1987,6140,7
77,1987,6160,4
77,1987,6190,3
77,1987,6310,1
77,1987,6520,14
77,1987,6810,60
77,1987,7040,90
77,1987,7180,14
77,1987,7350,1
77,1987,7610,93
77,1988,1200,5
77,1988,1940,1
77,1988,2010,1
77,1988,2020,1
77,1988,3091,44
77,1988,3160,6
77,1988,3310,2
77,1988,4440,4
77,1988,4610,2
77,1988,4770,4
77,1988,4880,42
77,1988,4930,33
77,1988,4950,1
77,1988,4980,43
77,1988,5110,70
77,1988,5190,11
77,1988,5290,13
77,1988,5810,78
77,1988,5870,13
77,1988,5930,23
77,1988,6130,3
77,1988,6140,3
77,1988,6160,7
77,1988,6170,1
77,1988,6190,1
77,1988,6310,1
77,1988,6520,19
77,1988,6810,51
77,1988,6870,1
77,1988,6882,2
77,1988,7040,70
77,1988,7050,1
77,1988,7180,23
77,1988,7350,3
77,1988,7610,68
77,1989,1320,1
77,1989,1330,1
77,1989,1782,1
77,1989,2020,2
77,1989,2120,1
77,1989,2860,1
77,1989,3091,33
77,1989,3160,10
77,1989,3310,2
77,1989,4440,2
77,1989,4770,3
77,1989,4880,59
77,1989,4930,33
77,1989,4950,8
77,1989,4980,68
77,1989,5110,106
77,1989,5190,36
77,1989,5290,28
77,1989,5420,1
77,1989,5490,1
77,1989,5810,99
77,1989,5870,23
77,1989,5930,13
77,1989,6130,7
77,1989,6140,8
77,1989,6160,8
77,1989,6190,1
77,1989,6240,1
77,1989,6520,12
77,1989,6810,47
77,1989,6870,1
77,1989,6882,1
77,1989,7030,1
77,1989,7040,91
77,1989,7050,2
77,1989,7180,16
77,1989,7350,6
77,1989,7610,123
77,1990,470,3
77,1990,510,160
77,1990,1320,1
77,1990,1782,1
77,1990,2010,2
77,1990,2020,2
77,1990,3091,50
77,1990,3160,9
77,1990,3310,1
77,1990,3600,1
77,1990,3900,1
77,1990,4440,2
77,1990,4660,1
77,1990,4880,40
77,1990,4930,20
77,1990,4950,3
77,1990,4980,52
77,1990,5110,69
77,1990,5190,11
77,1990,5290,8
77,1990,5810,95
77,1990,5870,21
77,1990,5930,9
77,1990,6130,2
77,1990,6140,3
77,1990,6160,15
77,1990,6520,13
77,1990,6810,60
77,1990,6882,6
77,1990,7030,1
77,1990,7040,66
77,1990,7050,1
77,1990,7180,35
77,1990,7610,82
77,1991,470,1
77,1991,510,134
77,1991,1720,26
77,1991,2020,2
77,1991,3091,37
77,1991,3160,6
77,1991,3310,1
77,1991,3900,3
77,1991,4660,1
77,1991,4770,1
77,1991,4880,38
77,1991,4930,56
77,1991,4950,3
77,1991,4980,74
77,1991,5110,68
77,1991,5190,23
77,1991,5290,8
77,1991,5810,69
77,1991,5870,19
77,1991,5930,7
77,1991,6130,3
77,1991,6140,2
77,1991,6160,17
77,1991,6170,4
77,1991,6520,15
77,1991,6810,38
77,1991,6882,1
77,1991,7030,2
77,1991,7040,78
77,1991,7180,27
77,1991,7210,1
77,1991,7350,10
77,1991,7610,92
77,1992,470,6
77,1992,510,150
77,1992,1200,4
77,1992,1320,2
77,1992,1440,4
77,1992,1720,28
77,1992,3091,56
77,1992,3160,11
77,1992,3600,1
77,1992,4120,1
77,1992,4440,3
77,1992,4660,2
77,1992,4770,2
77,1992,4880,39
77,1992,4930,29
77,1992,4950,19
77,1992,4980,64
77,1992,5110,77
77,1992,5190,21
77,1992,5290,14
77,1992,5810,53
77,1992,5870,31
77,1992,5930,16
77,1992,6130,14
77,1992,6160,29
77,1992,6190,2
77,1992,6520,19
77,1992,6810,49
77,1992,6882,7
77,1992,7030,2
77,1992,7040,50
77,1992,7180,31
77,1992,7350,1
77,1992,7610,84
77,1993,470,3
77,1993,510,140
77,1993,1200,1
77,1993,1720,2
77,1993,3091,22
77,1993,3160,7
77,1993,3310,1
77,1993,4440,2
77,1993,4660,1
77,1993,4880,34
77,1993,4930,33
77,1993,4950,8
77,1993,4980,49
77,1993,5110,81
77,1993,5190,22
77,1993,5290,12
77,1993,5810,87
77,1993,5870,16
77,1993,5930,10
77,1993,6130,7
77,1993,6140,2
77,1993,6160,17
77,1993,6170,2
77,1993,6520,4
77,1993,6810,23
77,1993,6882,4
77,1993,7030,1
77,1993,7040,62
77,1993,7050,1
77,1993,7180,15
77,1993,7350,1
77,1993,7610,87
77,1995,470,13
77,1995,510,116
77,1995,1200,3
77,1995,1320,2
77,1995,1330,5
77,1995,1960,1
77,1995,2020,2
77,1995,3091,50
77,1995,3160,19
77,1995,3900,3
77,1995,4660,1
77,1995,4770,8
77,1995,4880,68
77,1995,4930,80
77,1995,4950,4
77,1995,4980,71
77,1995,5110,195
77,1995,5190,15
77,1995,5290,14
77,1995,5810,77
77,1995,5870,34
77,1995,5930,28
77,1995,6130,12
77,1995,6140,2
77,1995,6160,13
77,1995,6520,14
77,1995,6810,56
77,1995,6882,6
77,1995,7040,72
77,1995,7180,10
77,1995,7210,1
77,1995,7350,4
77,1995,7610,79
77,1996,470,11
77,1996,510,91
77,1996,1320,6
77,1996,1330,1
77,1996,1440,1
77,1996,1720,22
77,1996,2010,1
77,1996,2020,1
77,1996,3091,45
77,1996,3160,26
77,1996,3310,2
77,1996,4440,2
77,1996,4880,61
77,1996,4930,71
77,1996,4950,9
77,1996,4980,40
77,1996,5110,125
77,1996,5190,4
77,1996,5290,19
77,1996,5810,52
77,1996,5870,29
77,1996,5930,18
77,1996,6130,11
77,1996,6160,45
77,1996,6190,4
77,1996,6520,12
77,1996,6810,44
77,1996,6882,1
77,1996,7040,85
77,1996,7050,1
77,1996,7180,8
77,1996,7210,1
77,1996,7350,1
77,1996,7610,97
77,1998,470,12
77,1998,510,76
77,1998,1200,3
77,1998,1320,2
77,1998,1330,4
77,1998,1720,19
77,1998,1860,2
77,1998,1940,1
77,1998,2860,2
77,1998,3091,36
77,1998,3160,14
77,1998,3310,2
77,1998,3900,2
77,1998,4120,3
77,1998,4440,1
77,1998,4770,3
77,1998,4880,46
77,1998,4930,77
77,1998,4950,13
77,1998,4980,55
77,1998,5110,87
77,1998,5190,4
77,1998,5290,18
77,1998,5420,1
77,1998,5810,68
77,1998,5870,13
77,1998,5930,14
77,1998,6130,6
77,1998,6140,3
77,1998,6160,28
77,1998,6190,4
77,1998,6310,1
77,1998,6520,8
77,1998,6810,45
77,1998,6882,7
77,1998,7030,2
77,1998,7040,77
77,1998,7180,12
77,1998,7210,1
77,1998,7350,5
77,1998,7610,94
77,1999,470,37
77,1999,510,52
77,1999,1200,15
77,1999,1320,8
77,1999,1330,6
77,1999,1720,25
77,1999,1782,6
77,1999,1940,2
77,1999,2860,4
77,1999,3091,40
77,1999,3160,18
77,1999,3310,4
77,1999,3900,2
77,1999,4120,4
77,1999,4440,1
77,1999,4770,5
77,1999,4880,62
77,1999,4930,86
77,1999,4950,12
77,1999,4980,57
77,1999,5110,80
77,1999,5190,3
77,1999,5290,23
77,1999,5810,60
77,1999,5870,26
77,1999,5930,24
77,1999,6130,9
77,1999,6160,26
77,1999,6170,2
77,1999,6190,18
77,1999,6310,2
77,1999,6520,11
77,1999,6810,44
77,1999,6882,12
77,1999,7030,4
77,1999,7040,71
77,1999,7050,2
77,1999,7180,17
77,1999,7210,1
77,1999,7350,6
77,1999,7610,89
77,2000,470,53
77,2000,510,58
77,2000,1200,21
77,2000,1320,7
77,2000,1330,1
77,2000,1720,34
77,2000,1782,2
77,2000,1940,3
77,2000,1960,1
77,2000,2860,2
77,2000,3091,31
77,2000,3160,16
77,2000,3310,8
77,2000,3900,3
77,2000,4120,7
77,2000,4440,3
77,2000,4770,6
77,2000,4880,71
77,2000,4930,65
77,2000,4950,5
77,2000,4980,70
77,2000,5110,91
77,2000,5190,1
77,2000,5290,35
77,2000,5810,53
77,2000,5870,19
77,2000,5930,17
77,2000,6130,10
77,2000,6160,28
77,2000,6170,2
77,2000,6190,12
77,2000,6520,15
77,2000,6810,39
77,2000,6882,19
77,2000,7030,5
77,2000,7040,53
77,2000,7050,1
77,2000,7180,26
77,2000,7350,11
77,2000,7610,68
77,2001,470,71
77,2001,510,68
77,2001,1200,29
77,2001,1320,10
77,2001,1330,3
77,2001,1720,26
77,2001,1782,4
77,2001,1940,4
77,2001,1960,2
77,2001,2020,1
77,2001,2860,4
77,2001,3091,34
77,2001,3160,10
77,2001,3310,7
77,2001,3900,3
77,2001,4120,7
77,2001,4440,2
77,2001,4770,9
77,2001,4880,77
77,2001,4930,91
77,2001,4950,13
77,2001,4980,85
77,2001,5110,76
77,2001,5190,3
77,2001,5290,22
77,2001,5810,46
77,2001,5870,18
77,2001,5930,16
77,2001,6130,11
77,2001,6140,3
77,2001,6160,46
77,2001,6170,1
77,2001,6190,8
77,2001,6310,3
77,2001,6520,18
77,2001,6810,34
77,2001,6882,22
77,2001,7030,5
77,2001,7040,46
77,2001,7050,1
77,2001,7180,23
77,2001,7210,1
77,2001,7350,8
77,2001,7610,76
77,2002,470,91
77,2002,510,50
77,2002,1200,28
77,2002,1320,10
77,2002,1330,4
77,2002,1720,40
77,2002,1782,2
77,2002,1940,4
77,2002,1960,3
77,2002,2020,1
77,2002,2860,6
77,2002,3091,33
77,2002,3160,15
77,2002,3310,6
77,2002,3900,3
77,2002,4120,4
77,2002,4440,5
77,2002,4770,6
77,2002,4880,99
77,2002,4930,51
77,2002,4950,21
77,2002,4980,110
77,2002,5110,76
77,2002,5190,4
77,2002,5290,20
77,2002,5420,2
77,2002,5810,42
77,2002,5870,23
77,2002,5930,17
77,2002,6130,13
77,2002,6140,10
77,2002,6160,57
77,2002,6170,1
77,2002,6190,9
77,2002,6310,3
77,2002,6520,20
77,2002,6810,36
77,2002,6882,18
77,2002,7030,6
77,2002,7040,43
77,2002,7050,2
77,2002,7180,24
77,2002,7350,6
77,2002,7610,76
77,2003,470,72
77,2003,510,93
77,2003,1200,7
77,2003,1320,21
77,2003,1720,44
77,2003,1782,4
77,2003,1940,4
77,2003,1960,3
77,2003,2860,3
77,2003,3091,44
77,2003,3160,43
77,2003,3310,6
77,2003,3900,2
77,2003,4120,4
77,2003,4440,10
77,2003,4770,9
77,2003,4880,97
77,2003,4900,2
77,2003,4930,97
77,2003,4950,14
77,2003,4980,129
77,2003,5110,42
77,2003,5190,3
77,2003,5290,22
77,2003,5810,24
77,2003,5870,28
77,2003,5930,29
77,2003,6130,10
77,2003,6140,3
77,2003,6160,56
77,2003,6310,17
77,2003,6520,18
77,2003,6810,27
77,2003,6882,24
77,2003,7030,4
77,2003,7040,51
77,2003,7050,1
77,2003,7180,15
77,2003,7210,2
77,2003,7350,9
77,2003,7610,85
77,2004,470,126
77,2004,510,128
77,2004,1200,25
77,2004,1320,15
77,2004,1330,4
77,2004,1720,48
77,2004,1782,5
77,2004,1940,6
77,2004,1960,12
77,2004,2020,4
77,2004,2730,1
77,2004,2860,4
77,2004,3091,35
77,2004,3160,12
77,2004,3310,10
77,2004,3900,3
77,2004,4120,4
77,2004,4440,11
77,2004,4770,8
77,2004,4880,97
77,2004,4900,3
77,2004,4930,88
77,2004,4950,36
77,2004,4980,115
77,2004,5110,57
77,2004,5190,2
77,2004,5290,24
77,2004,5810,36
77,2004,5870,29
77,2004,5930,26
77,2004,6130,14
77,2004,6140,5
77,2004,6160,79
77,2004,6170,1
77,2004,6190,7
77,2004,6310,15
77,2004,6520,18
77,2004,6810,38
77,2004,6882,25
77,2004,7030,5
77,2004,7040,51
77,2004,7050,1
77,2004,7180,14
77,2004,7210,1
77,2004,7350,7
77,2004,7610,89
77,2005,470,102
77,2005,510,53
77,2005,1200,3
77,2005,1320,2
77,2005,2280,1
77,2005,2860,2
77,2005,3091,14
77,2005,3160,10
77,2005,3310,1
77,2005,3330,1
77,2005,3900,1
77,2005,4880,46
77,2005,4930,36
77,2005,4950,3
77,2005,4980,43
77,2005,5110,15
77,2005,5290,13
77,2005,5420,7
77,2005,5810,32
77,2005,5870,30
77,2005,5930,26
77,2005,6130,5
77,2005,6160,19
77,2005,6190,5
77,2005,6310,1
77,2005,6520,11
77,2005,6810,28
77,2005,6882,10
77,2005,7040,47
77,2005,7050,1
77,2005,7180,7
77,2005,7350,10
77,2005,7610,94
77,2006,470,89
77,2006,510,71
77,2006,1200,9
77,2006,1320,4
77,2006,1720,28
77,2006,1940,1
77,2006,1960,4
77,2006,2280,1
77,2006,3091,16
77,2006,3160,12
77,2006,3310,2
77,2006,4770,1
77,2006,4880,72
77,2006,4930,60
77,2006,4950,6
77,2006,4980,67
77,2006,5110,28
77,2006,5290,9
77,2006,5420,1
77,2006,5810,32
77,2006,5870,29
77,2006,5930,27
77,2006,6130,10
77,2006,6140,2
77,2006,6160,21
77,2006,6190,10
77,2006,6310,2
77,2006,6520,11
77,2006,6810,32
77,2006,6882,16
77,2006,7030,2
77,2006,7040,45
77,2006,7180,10
77,2006,7350,7
77,2006,7610,79
77,2007,470,115
77,2007,510,84
77,2007,1200,10
77,2007,1320,4
77,2007,1720,22
77,2007,1940,2
77,2007,1960,2
77,2007,1970,2
77,2007,3091,12
77,2007,3160,9
77,2007,3310,1
77,2007,4440,1
77,2007,4770,4
77,2007,4880,67
77,2007,4930,47
77,2007,4950,6
77,2007,4980,63
77,2007,5110,43
77,2007,5190,2
77,2007,5290,11
77,2007,5810,38
77,2007,5870,21
77,2007,5930,31
77,2007,6130,8
77,2007,6140,2
77,2007,6160,33
77,2007,6190,4
77,2007,6310,2
77,2007,6520,11
77,2007,6810,27
77,2007,6882,16
77,2007,7030,1
77,2007,7040,37
77,2007,7180,21
77,2007,7210,2
77,2007,7350,8
77,2007,7610,101
77,2008,470,101
77,2008,510,105
77,2008,1200,11
77,2008,1320,4
77,2008,1720,25
77,2008,1782,2
77,2008,1940,2
77,2008,1960,1
77,2008,1970,1
77,2008,2280,1
77,2008,2860,3
77,2008,3091,14
77,2008,3160,12
77,2008,3310,5
77,2008,3900,1
77,2008,4440,2
77,2008,4770,4
77,2008,4880,86
77,2008,4930,46
77,2008,4950,23
77,2008,4980,36
77,2008,5110,49
77,2008,5190,2
77,2008,5290,11
77,2008,5810,37
77,2008,5870,21
77,2008,5930,28
77,2008,6130,10
77,2008,6140,5
77,2008,6160,37
77,2008,6190,6
77,2008,6310,2
77,2008,6520,13
77,2008,6810,31
77,2008,6882,19
77,2008,7030,2
77,2008,7040,41
77,2008,7050,1
77,2008,7180,21
77,2008,7350,10
77,2008,7610,83
77,2009,470,111
77,2009,510,126
77,2009,1200,11
77,2009,1320,9
77,2009,1720,37
77,2009,1960,2
77,2009,1970,4
77,2009,2020,1
77,2009,2860,1
77,2009,3091,14
77,2009,3160,14
77,2009,3310,3
77,2009,3900,1
77,2009,4440,3
77,2009,4660,1
77,2009,4770,5
77,2009,4880,68
77,2009,4900,4
77,2009,4930,69
77,2009,4950,28
77,2009,4980,47
77,2009,5110,71
77,2009,5190,3
77,2009,5290,17
77,2009,5810,42
77,2009,5870,19
77,2009,5930,30
77,2009,6130,14
77,2009,6140,4
77,2009,6160,43
77,2009,6190,3
77,2009,6310,2
77,2009,6520,16
77,2009,6810,26
77,2009,6882,28
77,2009,7030,2
77,2009,7040,34
77,2009,7180,25
77,2009,7350,10
77,2009,7610,96
77,2010,470,83
77,2010,510,141
77,2010,1200,6
77,2010,1320,8
77,2010,1720,41
77,2010,1960,4
77,2010,1970,1
77,2010,2280,1
77,2010,3091,12
77,2010,3160,17
77,2010,3310,2
77,2010,3640,1
77,2010,4440,2
77,2010,4770,5
77,2010,4880,91
77,2010,4900,3
77,2010,4930,74
77,2010,4950,27
77,2010,4980,42
77,2010,5110,84
77,2010,5190,4
77,2010,5290,11
77,2010,5810,36
77,2010,5870,20
77,2010,5930,29
77,2010,6130,9
77,2010,6140,3
77,2010,6160,50
77,2010,6190,3
77,2010,6310,2
77,2010,6520,15
77,2010,6810,22
77,2010,6882,34
77,2010,7030,3
77,2010,7040,36
77,2010,7050,1
77,2010,7180,25
77,2010,7350,19
77,2010,7610,101
